-- phpMyAdmin SQL Dump
-- version 4.9.1
-- https://www.phpmyadmin.net/
--
-- Host: localhost
-- Generation Time: Jul 15, 2020 at 05:28 AM
-- Server version: 10.4.8-MariaDB
-- PHP Version: 7.3.11

SET SQL_MODE = "NO_AUTO_VALUE_ON_ZERO";
SET AUTOCOMMIT = 0;
START TRANSACTION;
SET time_zone = "+00:00";


/*!40101 SET @OLD_CHARACTER_SET_CLIENT=@@CHARACTER_SET_CLIENT */;
/*!40101 SET @OLD_CHARACTER_SET_RESULTS=@@CHARACTER_SET_RESULTS */;
/*!40101 SET @OLD_COLLATION_CONNECTION=@@COLLATION_CONNECTION */;
/*!40101 SET NAMES utf8mb4 */;

--
-- Database: `jurnal_harian`
--

-- --------------------------------------------------------

--
-- Table structure for table `failed_jobs`
--

CREATE TABLE `failed_jobs` (
  `id` bigint(20) UNSIGNED NOT NULL,
  `connection` text COLLATE utf8mb4_unicode_ci NOT NULL,
  `queue` text COLLATE utf8mb4_unicode_ci NOT NULL,
  `payload` longtext COLLATE utf8mb4_unicode_ci NOT NULL,
  `exception` longtext COLLATE utf8mb4_unicode_ci NOT NULL,
  `failed_at` timestamp NOT NULL DEFAULT current_timestamp()
) ENGINE=InnoDB DEFAULT CHARSET=utf8mb4 COLLATE=utf8mb4_unicode_ci;

-- --------------------------------------------------------

--
-- Table structure for table `guru`
--

CREATE TABLE `guru` (
  `id` int(11) NOT NULL,
  `nama` varchar(224) NOT NULL,
  `kode` varchar(4) NOT NULL,
  `created_at` timestamp NOT NULL DEFAULT current_timestamp() ON UPDATE current_timestamp(),
  `updated_at` timestamp NOT NULL DEFAULT '0000-00-00 00:00:00'
) ENGINE=InnoDB DEFAULT CHARSET=utf8mb4;

--
-- Dumping data for table `guru`
--

INSERT INTO `guru` (`id`, `nama`, `kode`, `created_at`, `updated_at`) VALUES
(1, 'ABDULLAH SHOFI, S.Pd', 'SOF', '2020-04-02 08:50:46', '0000-00-00 00:00:00'),
(2, 'ADITYA PUSPITA SARI, S.Kom', 'ADT', '2020-04-02 08:50:46', '0000-00-00 00:00:00'),
(3, 'AFNI HIKMAWATI, M. Pd', 'AFN', '2020-04-02 08:50:46', '0000-00-00 00:00:00'),
(4, 'AGUNG NUGROHO, S.Pd', 'NUG', '2020-04-02 08:50:46', '0000-00-00 00:00:00'),
(5, 'AGUS TRI SUPRIYANTO, S. E.', 'AGS', '2020-04-02 08:50:46', '0000-00-00 00:00:00'),
(6, 'ACHMAD RIDHO, S. Kom.', 'ACH', '2020-04-02 08:50:46', '0000-00-00 00:00:00'),
(7, 'ANIK SEPTYANINGSIH, S.Pd, M.M.Pd', 'ANI', '2020-04-02 08:50:46', '0000-00-00 00:00:00'),
(8, 'ANIS WILDYANI, S.Pd', 'ANS', '2020-04-02 08:50:46', '0000-00-00 00:00:00'),
(9, 'ARIFFI\'IYATI, S. Pd', 'ARI', '2020-04-02 08:50:46', '0000-00-00 00:00:00'),
(10, 'AHMAD SUBKHI, SPD', 'SUB', '2020-04-02 08:50:46', '0000-00-00 00:00:00'),
(11, 'CATHARINA ADIATI, S. Si', 'CTR', '2020-04-02 08:50:46', '0000-00-00 00:00:00'),
(12, 'DASTAM, S.Pd. M.M', 'DAS', '2020-04-02 08:50:46', '0000-00-00 00:00:00'),
(13, 'DESY AIS RACHMAWATI, S.Pd.', 'AIS', '2020-04-02 08:50:46', '0000-00-00 00:00:00'),
(14, 'DINTA CHANDRA P, S. Pd', 'DIN', '2020-04-02 08:50:46', '0000-00-00 00:00:00'),
(15, 'Dra. ETIK DYAH SETYAWATI', 'ETI', '2020-04-02 08:50:46', '0000-00-00 00:00:00'),
(16, 'Dra. HARMINAH', 'HAR', '2020-04-02 08:50:46', '0000-00-00 00:00:00'),
(17, 'Dra. RIYANG HIDAYATI L.', 'RYA', '2020-04-02 08:50:46', '0000-00-00 00:00:00'),
(18, 'Dra. SUSHANDAYANI, M.M.Pd', 'SUS', '2020-04-02 08:50:46', '0000-00-00 00:00:00'),
(19, 'Dra. TUTI YULIATI', 'TUT', '2020-04-02 08:50:46', '0000-00-00 00:00:00'),
(20, 'Dra. UMI FARICHAH', 'UMI', '2020-04-02 08:50:46', '0000-00-00 00:00:00'),
(21, 'Drs. BM SUKOCO', 'KOC', '2020-04-02 08:50:46', '0000-00-00 00:00:00'),
(22, 'Drs. BAMBANG YUWONO, M.M.', 'BYU', '2020-04-02 08:50:46', '0000-00-00 00:00:00'),
(23, 'Drs. GENDUT WASKITO UTOMO, M.Pd', 'GWU', '2020-04-02 08:50:46', '0000-00-00 00:00:00'),
(24, 'Drs. SARTANTONO, MM', 'TON', '2020-04-02 08:50:46', '0000-00-00 00:00:00'),
(25, 'DWI HARI SUBEKTI, S.Pd. Jas', 'DWI', '2020-04-02 08:50:46', '0000-00-00 00:00:00'),
(26, 'EDI RIA KHUSMOYO, S. Pd.', 'EDI', '2020-04-02 08:50:46', '0000-00-00 00:00:00'),
(27, 'EFI QODAFI SURYANI, S. Pd', 'EFI', '2020-04-02 08:50:46', '0000-00-00 00:00:00'),
(28, 'VIFIEN ARIESTYANTO MUNTONO, S. Pd', 'VIN', '2020-04-02 08:50:46', '0000-00-00 00:00:00'),
(29, 'HANANTO WIBOWO, S. Pd. Si.', 'HAN', '2020-04-02 08:50:46', '0000-00-00 00:00:00'),
(30, 'HARI MURNI SETIYAWATI, S.T, S.Kom, M.M.Pd', 'HRI', '2020-04-02 08:50:46', '0000-00-00 00:00:00'),
(31, 'HERRY SETYANINGSIH, S.Kom, M.Pd.', 'HER', '2020-04-02 08:50:46', '0000-00-00 00:00:00'),
(32, 'IMA FARIDA, S.K.M, S.Pd.', 'IMA', '2020-04-02 08:50:46', '0000-00-00 00:00:00'),
(33, 'IMRON HASANI, S. Pd.', 'IMR', '2020-04-02 08:50:46', '0000-00-00 00:00:00'),
(34, 'INAYAH SETIORINI, S. Pd', 'INA', '2020-04-02 08:50:46', '0000-00-00 00:00:00'),
(35, 'IRAWAN AGUNG P, S.Pd.', 'AGU', '2020-04-02 08:50:46', '0000-00-00 00:00:00'),
(36, 'IRFAN WIDIYANTO, S. Pd.', 'IRW', '2020-04-02 08:50:46', '0000-00-00 00:00:00'),
(37, 'ISNURANI, S. Pd.', 'ISN', '2020-04-02 08:50:46', '0000-00-00 00:00:00'),
(38, 'KHOLID SULAIMAN, M. Pd. I', 'KHO', '2020-04-02 08:50:46', '0000-00-00 00:00:00'),
(39, 'KOTIJAH, S. Pd.', 'KTJ', '2020-04-02 08:50:46', '0000-00-00 00:00:00'),
(40, 'KUNAIFI ARIF, S. Kom.', 'KUN', '2020-04-02 08:50:46', '0000-00-00 00:00:00'),
(41, 'M. NISFUR RAJAB S A J., S. Pd', 'NIS', '2020-04-02 08:50:46', '0000-00-00 00:00:00'),
(42, 'M. SAFRUDIN, S. Pd. I', 'SAF', '2020-04-02 08:50:46', '0000-00-00 00:00:00'),
(43, 'MUCHAMAD IRFAN, S. Kom, M. M. Pd.', 'IRF', '2020-04-02 08:50:46', '0000-00-00 00:00:00'),
(44, 'NATALIA ANDI HERAWATI, S. Pd.', 'NAT', '2020-04-02 08:50:46', '0000-00-00 00:00:00'),
(45, 'NOVALITA MUFTIANA, S. Pd.', 'NOV', '2020-04-02 08:50:46', '0000-00-00 00:00:00'),
(46, 'PANGGAH WIDIYARTO, S. Pd, M. M.', 'PGH', '2020-04-02 08:50:46', '0000-00-00 00:00:00'),
(47, 'PURI PUSPITANINGRUM, S. Kom.', 'PUR', '2020-04-02 08:50:46', '0000-00-00 00:00:00'),
(48, 'RIANI SADIATI, S. Pd.', 'RIA', '2020-04-02 08:50:46', '0000-00-00 00:00:00'),
(49, 'RIZKA FAJAR RESTUNINGRUM, S.Pd', 'RIZ', '2020-04-02 08:50:46', '0000-00-00 00:00:00'),
(50, 'ROMLAH, S. Pd, CAAT', 'ROM', '2020-04-02 08:50:46', '0000-00-00 00:00:00'),
(51, 'SETYOWATI, S. Pd.', 'SET', '2020-04-02 08:50:46', '0000-00-00 00:00:00'),
(52, 'SHIRIA DANU AJI, S. Pd', 'DNU', '2020-04-02 08:50:46', '0000-00-00 00:00:00'),
(53, 'SINTA WULANDARI, S. E.', 'SIN', '2020-04-02 08:50:46', '0000-00-00 00:00:00'),
(54, 'SITI COMARIAH, S. Pd.', 'COM', '2020-04-02 08:50:46', '0000-00-00 00:00:00'),
(55, 'SITI KOTIMAH, S. Pd, MM.Pd', 'KOT', '2020-04-02 08:50:46', '0000-00-00 00:00:00'),
(56, 'SITI YULAIKHAH, S. Pd', 'YUL', '2020-04-02 08:50:46', '0000-00-00 00:00:00'),
(57, 'SRI MULJANI, S. IP', 'MUL', '2020-04-02 08:50:46', '0000-00-00 00:00:00'),
(58, 'SRI MURTININGSIH, S. Pd', 'MUR', '2020-04-02 08:50:46', '0000-00-00 00:00:00'),
(59, 'SUGENG RAHARJO, S. Pd', 'SUG', '2020-04-02 08:50:46', '0000-00-00 00:00:00'),
(60, 'SUMBODO ADI, S. Kom', 'SUM', '2020-04-02 08:50:46', '0000-00-00 00:00:00'),
(61, 'SUPARDYAN, S. Pd', 'SUP', '2020-04-02 08:50:46', '0000-00-00 00:00:00'),
(62, 'TATIK IFSATUN, S. Pd', 'TAT', '2020-04-02 08:50:46', '0000-00-00 00:00:00'),
(63, 'TAUFIK M. RIZAL, S. T.', 'OFK', '2020-04-02 08:50:46', '0000-00-00 00:00:00'),
(64, 'TAUFIQ HIDAYAT, S. T.', 'HID', '2020-04-02 08:50:46', '0000-00-00 00:00:00'),
(65, 'TEGUH PRIYATIN, S. Ag.', 'ATN', '2020-04-02 08:50:46', '0000-00-00 00:00:00'),
(66, 'TRI WALIKHAH AGUS, S. Pd.', 'WAL', '2020-04-02 08:50:46', '0000-00-00 00:00:00'),
(67, 'TRIYANTO AGUS SUBAGYO, S.Pd, MM. Pd, CAAT', 'TRI', '2020-04-02 08:50:46', '0000-00-00 00:00:00'),
(68, 'UMI WINARTI, S. Pd', 'WIN', '2020-04-02 08:50:46', '0000-00-00 00:00:00'),
(69, 'WINDA APRILIANA SUKMAWATI, S. Pd', 'NDA', '2020-04-02 08:50:46', '0000-00-00 00:00:00'),
(70, 'WIRYADI, S. Kom', 'WIR', '2020-04-02 08:50:46', '0000-00-00 00:00:00'),
(71, 'WIWIK RENANINGSIH, S. Pd.', 'WIK', '2020-04-02 08:50:46', '0000-00-00 00:00:00'),
(72, 'YOVI RIVANO ANDHIKA, S. Pd. Gr', 'YOV', '2020-04-02 08:50:46', '0000-00-00 00:00:00'),
(73, 'YUNITA, S. Pd', 'YUN', '2020-04-02 08:50:46', '0000-00-00 00:00:00'),
(74, 'ISMI MU\'AFFIFAH, SPd', 'ISM', '2020-04-02 08:50:46', '0000-00-00 00:00:00'),
(75, 'RIAN HENDRAWAN, SPd', 'IAN', '2020-04-02 08:50:46', '0000-00-00 00:00:00'),
(76, 'DIA SEKARWULAN P, SPd', 'DIA', '2020-04-02 08:50:46', '0000-00-00 00:00:00'),
(77, 'Drs. NATANAEL HARYADI', 'NHa', '2020-04-02 08:50:46', '0000-00-00 00:00:00'),
(78, 'Dra. SRI HARYANI', 'SHa', '2020-04-02 08:50:46', '0000-00-00 00:00:00'),
(79, 'ANTON UDIONO, S.PSi', 'ANT', '2020-04-02 08:50:46', '0000-00-00 00:00:00'),
(80, 'ERISCA FELLA SEPTRIANY, SPd', 'ELA', '2020-04-02 08:50:46', '0000-00-00 00:00:00'),
(81, 'ADE MARGIYANTI, SPd', 'ADE', '2020-04-02 08:50:46', '0000-00-00 00:00:00'),
(82, 'YULI MAHENDRA SUGANDI, S.ST.Par', 'YMa', '2020-04-02 08:50:46', '0000-00-00 00:00:00'),
(83, 'SETIAWAN WIBOWO, S.Tr.Par.', 'WAN', '2020-04-02 08:50:46', '0000-00-00 00:00:00'),
(84, 'SEROJA PUTRI UTAMI, SPd', 'OJA', '2020-04-02 08:50:46', '0000-00-00 00:00:00'),
(85, 'FATIMAH, SPd', 'FAT', '2020-04-02 08:50:46', '0000-00-00 00:00:00'),
(86, 'INDAH PRATIWI, SPd', 'PRA', '2020-04-02 08:50:46', '0000-00-00 00:00:00'),
(87, 'CINDY FITRIANI CAHYANINGSIH, SPd', 'CIN', '2020-04-02 08:50:46', '0000-00-00 00:00:00'),
(88, 'IMAM TEJO MARWOTO, SPd, MM', 'KS', '2020-04-02 08:50:46', '0000-00-00 00:00:00'),
(89, 'OZY AZITA AZIZ, S.Pd', 'OZY', '2020-04-02 08:50:46', '0000-00-00 00:00:00'),
(90, 'EKA LAELATUS SOFA, S.Kom', 'EKA', '2020-04-02 08:50:46', '0000-00-00 00:00:00'),
(91, 'Dra. TITIK WURDIYANTI, M.M', 'TTK', '2020-04-02 08:50:46', '0000-00-00 00:00:00'),
(92, 'ERNANDA HANANTO SENO, S. Kom', 'ERN', '2020-04-02 08:50:46', '0000-00-00 00:00:00'),
(93, 'ARIES SUYANTO, S.Pd', 'ARS', '2020-04-02 08:50:46', '0000-00-00 00:00:00'),
(94, 'MUHAMMAD RIFAI AZIZ, S.Kom', 'RFI', '2020-04-02 08:50:46', '0000-00-00 00:00:00'),
(95, 'RIZKI MUSTIKA WATI, S.Pd', 'RZQ', '2020-04-02 08:50:46', '0000-00-00 00:00:00'),
(96, 'SUSI SUSILOWATI, S. Pd, M.MPd', 'SUSI', '2020-04-02 08:50:46', '0000-00-00 00:00:00'),
(99, 'Biaz Prasas', 'BPD', '2020-07-06 01:46:59', '2020-07-06 01:46:59');

-- --------------------------------------------------------

--
-- Table structure for table `jurnal`
--

CREATE TABLE `jurnal` (
  `id` int(11) NOT NULL,
  `kelas_id` int(11) NOT NULL,
  `jam` int(11) NOT NULL,
  `tanggal` date NOT NULL,
  `mapel_id` int(11) NOT NULL,
  `guru_id` int(11) NOT NULL,
  `materi` text NOT NULL,
  `keterangan` text DEFAULT NULL,
  `created_at` timestamp NOT NULL DEFAULT current_timestamp() ON UPDATE current_timestamp(),
  `updated_at` timestamp NOT NULL DEFAULT '0000-00-00 00:00:00'
) ENGINE=InnoDB DEFAULT CHARSET=utf8mb4;

--
-- Dumping data for table `jurnal`
--

INSERT INTO `jurnal` (`id`, `kelas_id`, `jam`, `tanggal`, `mapel_id`, `guru_id`, `materi`, `keterangan`, `created_at`, `updated_at`) VALUES
(25, 20, 6, '2020-07-14', 9, 10, 'Serat Wedhatama', NULL, '2020-07-14 04:45:53', '2020-07-14 04:45:53'),
(28, 1, 2, '2020-07-15', 12, 7, 'Hey Boy', NULL, '2020-07-15 01:15:09', '2020-07-15 01:15:09');

-- --------------------------------------------------------

--
-- Table structure for table `jurnal_siswa`
--

CREATE TABLE `jurnal_siswa` (
  `id` int(11) NOT NULL,
  `jurnal_id` int(11) NOT NULL,
  `siswa_id` int(11) NOT NULL,
  `keterangan` varchar(225) NOT NULL
) ENGINE=InnoDB DEFAULT CHARSET=utf8mb4;

--
-- Dumping data for table `jurnal_siswa`
--

INSERT INTO `jurnal_siswa` (`id`, `jurnal_id`, `siswa_id`, `keterangan`) VALUES
(95, 25, 13196, 'Ijin'),
(96, 25, 13204, 'Sakit'),
(97, 25, 13188, 'Ijin'),
(99, 25, 13198, 'Alpha'),
(100, 25, 13190, 'Alpha'),
(107, 28, 13738, 'Ijin');

-- --------------------------------------------------------

--
-- Table structure for table `kelas`
--

CREATE TABLE `kelas` (
  `id` int(11) NOT NULL,
  `kelas` varchar(225) NOT NULL
) ENGINE=InnoDB DEFAULT CHARSET=utf8mb4;

--
-- Dumping data for table `kelas`
--

INSERT INTO `kelas` (`id`, `kelas`) VALUES
(1, '10 RPL1'),
(2, '10 RPL2'),
(3, '10 TKJ1'),
(4, '10 TKJ2'),
(5, '10 MM1'),
(6, '10 MM2'),
(7, '10 AKL1'),
(8, '10 AKL2'),
(9, '10 AKL3'),
(10, '10 OTP1'),
(11, '10 OTP2'),
(12, '10 OTP3'),
(13, '10 BDP1'),
(14, '10 BDP2'),
(15, '10 BDP3'),
(16, '10 UPW1'),
(17, '10 UPW2'),
(18, '10 TBO1'),
(19, '10 TBO2'),
(20, '11 RPL1'),
(21, '11 RPL2'),
(22, '11 TKJ1'),
(23, '11 TKJ2'),
(24, '11 MM1'),
(25, '11 MM2'),
(26, '11 AKL1'),
(27, '11 AKL2'),
(28, '11 AKL3'),
(29, '11 AKL4'),
(30, '11 AKL5'),
(31, '11 OTP1'),
(32, '11 OTP2'),
(33, '11 OTP3'),
(34, '11 BDP1'),
(35, '11 BDP2'),
(36, '11 BDP3'),
(37, '12 RPL1'),
(38, '12 RPL2'),
(39, '12 TKJ1'),
(40, '12 TKJ2'),
(41, '12 MM1'),
(42, '12 MM2'),
(43, '12 AKL1'),
(44, '12 AKL2'),
(45, '12 AKL3'),
(46, '12 OTP1'),
(47, '12 OTP2'),
(48, '12 OTP3'),
(49, '12 BDP1'),
(50, '12 BDP2'),
(51, '12 BDP3');

-- --------------------------------------------------------

--
-- Table structure for table `mapel`
--

CREATE TABLE `mapel` (
  `id` int(11) NOT NULL,
  `mapel` varchar(225) NOT NULL,
  `kode` varchar(11) NOT NULL
) ENGINE=InnoDB DEFAULT CHARSET=utf8mb4;

--
-- Dumping data for table `mapel`
--

INSERT INTO `mapel` (`id`, `mapel`, `kode`) VALUES
(1, 'Pendidikan Agama dan Budi Pekerti', 'PABP'),
(2, 'Pend. Pancasila dan Kewarganegaraan', 'PPKn'),
(3, 'Bahasa Indonesia', 'Indo'),
(4, 'Matematika', 'Mat'),
(5, 'Sejarah Indonesia', 'Sej'),
(6, 'Bhs Inggris & Bhs Asing lainnya', 'BIng'),
(7, 'Seni Budaya', 'SBu'),
(8, 'Pend. Jasmani, Olahraga dan Kesehatan', 'PJOK'),
(9, 'Bahasa Jawa', 'BJw'),
(10, 'Etika Profesi', 'EPro'),
(11, 'Aplikasi Pengolah Angka /Spreadsheet', 'APA'),
(12, 'Akuntansi Keuangan', 'AKeu'),
(13, 'Komputer Akuntansi', 'KomAK'),
(14, 'Administrasi Pajak', 'Adjak'),
(15, 'Korespondensi', 'Kores'),
(16, 'Kearsipan', 'Arsp'),
(17, 'Penataan Barang Dagangan', 'PBD'),
(18, 'Komunikasi Bisnis', 'Kombis'),
(19, 'Administrasi Transaksi', 'Antrak'),
(20, 'Fisika', 'Fis'),
(21, 'Pemrograman Dasar', 'Prodas'),
(22, 'Sistem Komputer', 'Sisko'),
(23, 'Pemodelan Perangkat Lunak', 'PPL'),
(24, 'Pemrograman Berorientasi Objek', 'PBO'),
(25, 'Basis Data', 'Basdat'),
(26, 'Pemrograman Web & Perangkat Bergerak', 'PPB'),
(27, 'Teknik Pengolahan Audio dan Video', 'AVi'),
(28, 'Desain Multimedia Interaktif', 'DMI'),
(29, 'Simulasi dan Komunikasi Digital', 'Simdig'),
(30, 'Administrasi Umum', 'Adum'),
(31, 'Ilmu Pengetahuan Alam', 'IPA'),
(32, 'Praktikum Akunt. Perus Jasa, Dagang dan Manufaktur', 'AkJDM'),
(33, 'Praktikum Akuntansi Lembaga/ Instansi Pemerintah', 'AKLIP'),
(34, 'Produk Kreatif dan Kewirausahaan AK', 'PKKAk'),
(35, 'Teknologi Perkantoran', 'Teknoper'),
(36, 'Otomatisasi Tata Kelola Kepegawaian', 'OTPeg'),
(37, 'Otomatisasi Tata Kelola Keuangan', 'OTKeu'),
(38, 'Otomatisasi Tata Kelola Sarana Dan Prasarana', 'OTSar'),
(39, 'Otomatisasi Tata Kelola Humas dan Keprotokolan', 'OTHum'),
(40, 'Produk Kreatif dan Kewirausahaan AP', 'PKKAP'),
(41, 'Marketing', 'Mark'),
(42, 'Perencanaan Bisnis', 'Renbis'),
(43, 'Bisnis Online', 'BisOn'),
(44, 'Pengelolaan Bisnis Ritel', 'PBR'),
(45, 'Produk Kreatif dan Kewirausahaan PM', 'PKKPM'),
(46, 'Komputer dan Jaringan Dasar', 'KomJar'),
(47, 'Dasar Desain Grafis', 'DDG'),
(48, 'Produk Kreatif dan Kewirausahaan RPL', 'PKKRpl'),
(49, 'Teknologi Jaringan Berbasis Luas (WAN)', 'WAN'),
(50, 'Administrasi Infrastruktur Jaringan', 'AIJ'),
(51, 'Administrasi Sistem Jaringan', 'ASJ'),
(52, 'Teknologi Layanan Jaringan', 'TLJ'),
(53, 'Produk Kreatif dan Kewirausahaan TKJ', 'PKKTkj'),
(54, 'Kimia', 'Kim'),
(55, 'Desain Grafis Percetakan', 'DGP'),
(56, 'Animasi 2D dan 3D', '23D'),
(57, 'Ekonomi Bisnis', 'Ekobis'),
(58, 'Akuntansi Dasar', 'AKDas'),
(59, 'Perbankan dasar', 'Bankdas'),
(60, 'UPACARA BENDERA', 'UPB'),
(61, 'Produk Kreatif dan Kewirausahaan MM', 'PKKMm'),
(62, 'Bimbingan Karier', 'BK'),
(63, 'Kepariwisataan', 'Par'),
(64, 'Keamanan Pangan', 'Ampang'),
(65, 'Pengetahuan Bahan Makanan', 'PBMa'),
(66, 'Boga Dasar', 'Bodas'),
(67, 'Ilmu Gizi', 'IGiz'),
(68, 'Tata Hidang', 'Tadang'),
(69, 'Pengelolaan dan Penyajian Makanan', 'PPMa'),
(70, 'Produk Cake dan Kue Indonesia', 'Cakue'),
(71, 'Produk Pastry dan Bakery', 'PPdB'),
(72, 'Produk Kreatif dan Kewirausahaan TBo', 'PKKBo'),
(73, 'Komunikasi Industri Pariwisata', 'KIP'),
(74, 'Sanitasi, Hygiene dan Keselamatan Kerja', 'Sanit'),
(75, 'Bahasa Asing (Bhs Jepang)', 'BJp'),
(76, 'Pemesanan dan Perhitungan Tarif Penerbangan', 'PPTP'),
(77, 'Perencanaan dan Pengelolaan Perjalanan Wisata', 'P3W'),
(78, 'Pemanduan Perjalanan Wisata', 'PPW'),
(79, 'Pengelolaan Meeting, Incentive, Conference dan Exhibition', 'MICE'),
(80, 'Produk Kreatif dan Kewirausahaan UPW', 'PKdKU');

-- --------------------------------------------------------

--
-- Table structure for table `migrations`
--

CREATE TABLE `migrations` (
  `id` int(10) UNSIGNED NOT NULL,
  `migration` varchar(255) COLLATE utf8mb4_unicode_ci NOT NULL,
  `batch` int(11) NOT NULL
) ENGINE=InnoDB DEFAULT CHARSET=utf8mb4 COLLATE=utf8mb4_unicode_ci;

--
-- Dumping data for table `migrations`
--

INSERT INTO `migrations` (`id`, `migration`, `batch`) VALUES
(1, '2014_10_12_000000_create_users_table', 1),
(2, '2014_10_12_100000_create_password_resets_table', 1),
(3, '2019_08_19_000000_create_failed_jobs_table', 1),
(4, '2020_02_27_073641_create_gurus_table', 1);

-- --------------------------------------------------------

--
-- Table structure for table `password_resets`
--

CREATE TABLE `password_resets` (
  `email` varchar(255) COLLATE utf8mb4_unicode_ci NOT NULL,
  `token` varchar(255) COLLATE utf8mb4_unicode_ci NOT NULL,
  `created_at` timestamp NULL DEFAULT NULL
) ENGINE=InnoDB DEFAULT CHARSET=utf8mb4 COLLATE=utf8mb4_unicode_ci;

-- --------------------------------------------------------

--
-- Table structure for table `siswa`
--

CREATE TABLE `siswa` (
  `id` int(11) NOT NULL,
  `nama` varchar(225) NOT NULL,
  `kelas_id` int(11) NOT NULL,
  `created_at` timestamp NOT NULL DEFAULT current_timestamp() ON UPDATE current_timestamp(),
  `updated_at` timestamp NOT NULL DEFAULT '0000-00-00 00:00:00'
) ENGINE=InnoDB DEFAULT CHARSET=utf8mb4;

--
-- Dumping data for table `siswa`
--

INSERT INTO `siswa` (`id`, `nama`, `kelas_id`, `created_at`, `updated_at`) VALUES
(13188, 'AGIZA IMAN TAUHIT', 20, '2020-04-02 08:54:05', '0000-00-00 00:00:00'),
(13189, 'AHMAD MAHFUD WANAZIH', 21, '2020-04-02 08:54:05', '0000-00-00 00:00:00'),
(13190, 'AHMAD NUR RIZKI', 20, '2020-04-02 08:54:05', '0000-00-00 00:00:00'),
(13191, 'ANNISA RAIHAN DELANA', 21, '2020-04-02 08:54:05', '0000-00-00 00:00:00'),
(13192, 'ANWAR FADHOLI', 20, '2020-04-02 08:54:05', '0000-00-00 00:00:00'),
(13193, 'ASKA YUL FERARA', 21, '2020-04-02 08:54:05', '0000-00-00 00:00:00'),
(13194, 'BAYU DWI SAPUTRO', 20, '2020-04-02 08:54:05', '0000-00-00 00:00:00'),
(13195, 'BERTRAND GETA ROESYADIE', 21, '2020-04-02 08:54:05', '0000-00-00 00:00:00'),
(13196, 'BIAZ PRASASTHA DWISUKMA', 20, '2020-06-21 10:32:27', '2020-06-21 10:32:27'),
(13197, 'DAFFA RIFQI AL FAREZ', 21, '2020-04-02 08:54:05', '0000-00-00 00:00:00'),
(13198, 'DAFFALA AGYM MANSIZ', 20, '2020-04-02 08:54:05', '0000-00-00 00:00:00'),
(13199, 'DAVA FIRZADANY ALIF', 21, '2020-04-02 08:54:05', '0000-00-00 00:00:00'),
(13200, 'DIDIN FIKRI RAMADHAN', 20, '2020-04-02 08:54:05', '0000-00-00 00:00:00'),
(13201, 'DINASHOUMI FAAZA ROSYIDA', 21, '2020-04-02 08:54:05', '0000-00-00 00:00:00'),
(13202, 'ERLANGGA FADLI BAGASKARA', 20, '2020-04-02 08:54:05', '0000-00-00 00:00:00'),
(13203, 'FAJAR NUGROHO', 21, '2020-04-02 08:54:05', '0000-00-00 00:00:00'),
(13204, 'FALDI RIZKYANTO', 20, '2020-04-02 08:54:05', '0000-00-00 00:00:00'),
(13205, 'FARADILA FITRIANA', 21, '2020-04-02 08:54:05', '0000-00-00 00:00:00'),
(13206, 'FIKA NUR FATIHA', 20, '2020-04-02 08:54:05', '0000-00-00 00:00:00'),
(13207, 'HANAFI ULIN NUHA', 21, '2020-04-02 08:54:05', '0000-00-00 00:00:00'),
(13208, 'IFA NURSIYAH', 20, '2020-04-02 08:54:05', '0000-00-00 00:00:00'),
(13209, 'ILHAM ADHE AUZA ISMAIL', 21, '2020-04-02 08:54:05', '0000-00-00 00:00:00'),
(13210, 'IRFAN ARIFUDIN', 20, '2020-04-02 08:54:05', '0000-00-00 00:00:00'),
(13211, 'IVAN PRAMANA', 21, '2020-04-02 08:54:05', '0000-00-00 00:00:00'),
(13212, 'JALU RIDHOTUL SAFAAT', 20, '2020-04-02 08:54:05', '0000-00-00 00:00:00'),
(13213, 'KHARISAH NUR HIDAYAH', 21, '2020-04-02 08:54:05', '0000-00-00 00:00:00'),
(13214, 'KHOERUL AHNAF', 20, '2020-04-02 08:54:05', '0000-00-00 00:00:00'),
(13215, 'LESTIYO WAWU WAHYUONO', 21, '2020-04-02 08:54:05', '0000-00-00 00:00:00'),
(13216, 'LIA NUKHBAHTUL ULYA', 20, '2020-04-02 08:54:05', '0000-00-00 00:00:00'),
(13217, 'MAULANA ADLI NAWAWI', 21, '2020-04-02 08:54:05', '0000-00-00 00:00:00'),
(13218, 'MELA ANTIKA', 20, '2020-04-02 08:54:05', '0000-00-00 00:00:00'),
(13219, 'MIFTAKHUL IKHSAN ROFII', 21, '2020-04-02 08:54:05', '0000-00-00 00:00:00'),
(13220, 'MOCHAMAD ILHAM AL FARIDZI', 20, '2020-04-02 08:54:05', '0000-00-00 00:00:00'),
(13221, 'MUHAMAD LUFI AZIZI', 21, '2020-04-02 08:54:05', '0000-00-00 00:00:00'),
(13222, 'MUHAMAD NAUFAL ZUHDAN NAWA', 20, '2020-04-02 08:54:05', '0000-00-00 00:00:00'),
(13223, 'MUHAMMAD AKMAL MAHASNA', 21, '2020-04-02 08:54:05', '0000-00-00 00:00:00'),
(13224, 'MUHAMMAD ILHAM', 20, '2020-04-02 08:54:05', '0000-00-00 00:00:00'),
(13225, 'MUHAMMAD LUTWIANTO', 21, '2020-04-02 08:54:05', '0000-00-00 00:00:00'),
(13226, 'MUHAMMAD NUR FATIH', 20, '2020-04-02 08:54:05', '0000-00-00 00:00:00'),
(13227, 'NITA FISYAROH', 21, '2020-04-02 08:54:05', '0000-00-00 00:00:00'),
(13228, 'NOVAL TRI GUSTIANTO', 20, '2020-04-02 08:54:05', '0000-00-00 00:00:00'),
(13229, 'NOVENTIO ARIASENA PRABOWO', 21, '2020-04-02 08:54:05', '0000-00-00 00:00:00'),
(13230, 'OKTA FIANA', 20, '2020-04-02 08:54:05', '0000-00-00 00:00:00'),
(13231, 'PRADITYA HASNI RACHMAN', 21, '2020-04-02 08:54:05', '0000-00-00 00:00:00'),
(13232, 'RAFI GHANI DHARIALWAN', 20, '2020-04-02 08:54:05', '0000-00-00 00:00:00'),
(13233, 'RAGIL SETIAWAN', 21, '2020-04-02 08:54:05', '0000-00-00 00:00:00'),
(13234, 'RIYAN HARYADI', 20, '2020-04-02 08:54:05', '0000-00-00 00:00:00'),
(13235, 'RUDI SETIAWAN', 21, '2020-04-02 08:54:05', '0000-00-00 00:00:00'),
(13236, 'SABAR SETIYANTO', 20, '2020-04-02 08:54:05', '0000-00-00 00:00:00'),
(13237, 'SITI MU\'AWANAH', 21, '2020-04-02 08:54:05', '0000-00-00 00:00:00'),
(13238, 'SYABILA NURUL AZIZAH', 20, '2020-04-02 08:54:05', '0000-00-00 00:00:00'),
(13239, 'TAUFIK GILANG RAMADHAN', 21, '2020-04-02 08:54:05', '0000-00-00 00:00:00'),
(13240, 'TAUFIQ HIDAYAT', 20, '2020-04-02 08:54:05', '0000-00-00 00:00:00'),
(13241, 'TEGAR PUTRA PAMUNGKAS', 21, '2020-04-02 08:54:05', '0000-00-00 00:00:00'),
(13242, 'TEGUH NUGROHO', 20, '2020-04-02 08:54:05', '0000-00-00 00:00:00'),
(13243, 'TSALATSATUN NUR ROHMAH', 21, '2020-04-02 08:54:05', '0000-00-00 00:00:00'),
(13244, 'WAWAN TRI ATMOJO', 20, '2020-04-02 08:54:05', '0000-00-00 00:00:00'),
(13245, 'WIDIFA IQBAL SYARIF', 21, '2020-04-02 08:54:05', '0000-00-00 00:00:00'),
(13246, 'WILDAN IRSYAFLI IRSYAD', 20, '2020-04-02 08:54:05', '0000-00-00 00:00:00'),
(13247, 'WIRA MEGANTARA PAMUNGKAS', 21, '2020-04-02 08:54:05', '0000-00-00 00:00:00'),
(13248, 'YATINAH', 20, '2020-04-02 08:54:05', '0000-00-00 00:00:00'),
(13249, 'YAYANG ARDANU', 21, '2020-04-02 08:54:05', '0000-00-00 00:00:00'),
(13250, 'ZAID HUSNI ABDILLAH', 20, '2020-04-02 08:54:05', '0000-00-00 00:00:00'),
(13251, 'ZUDA KHOIRUN NAHARI', 21, '2020-04-02 08:54:05', '0000-00-00 00:00:00'),
(13252, 'ADITYA RIZQI ANHAR', 22, '2020-04-02 08:54:05', '0000-00-00 00:00:00'),
(13253, 'AGUS PUJI PAMUNGKAS', 23, '2020-04-02 08:54:05', '0000-00-00 00:00:00'),
(13254, 'AHMAT TRI FAIZIN', 22, '2020-04-02 08:54:05', '0000-00-00 00:00:00'),
(13255, 'AKHID MAULANA', 23, '2020-04-02 08:54:05', '0000-00-00 00:00:00'),
(13256, 'ANJAS WIDIYANTO', 22, '2020-04-02 08:54:05', '0000-00-00 00:00:00'),
(13257, 'ARFANDA MAULANA', 23, '2020-04-02 08:54:05', '0000-00-00 00:00:00'),
(13258, 'ARYA RAMADHI DAWUD', 22, '2020-04-02 08:54:05', '0000-00-00 00:00:00'),
(13259, 'AWANDA BANDU SAPUTRA', 23, '2020-04-02 08:54:05', '0000-00-00 00:00:00'),
(13260, 'BAGUS FAIZAL', 22, '2020-04-02 08:54:05', '0000-00-00 00:00:00'),
(13261, 'BEDA WULUNG KUSUMA', 23, '2020-04-02 08:54:05', '0000-00-00 00:00:00'),
(13262, 'DANI HAFIZ AL FREDA', 22, '2020-04-02 08:54:05', '0000-00-00 00:00:00'),
(13263, 'DAVID SULTAN MUHAMMAD AL KAUTSAR', 23, '2020-04-02 08:54:05', '0000-00-00 00:00:00'),
(13264, 'DIAH NARULITA RINJANI', 22, '2020-04-02 08:54:05', '0000-00-00 00:00:00'),
(13265, 'DIDI SETIADI', 23, '2020-04-02 08:54:05', '0000-00-00 00:00:00'),
(13266, 'DYAH MEI PUSPITASARI', 22, '2020-04-02 08:54:05', '0000-00-00 00:00:00'),
(13267, 'EMA DEWI WULANI', 23, '2020-04-02 08:54:05', '0000-00-00 00:00:00'),
(13268, 'FATIMAH AZZAHRA', 22, '2020-04-02 08:54:05', '0000-00-00 00:00:00'),
(13269, 'FINUN NURHAYATI', 23, '2020-04-02 08:54:05', '0000-00-00 00:00:00'),
(13270, 'GANDI SUBAKTI', 22, '2020-04-02 08:54:05', '0000-00-00 00:00:00'),
(13271, 'GUSMAN MADJAZI', 23, '2020-04-02 08:54:05', '0000-00-00 00:00:00'),
(13272, 'HANIF FATUS SHOLEHATI', 22, '2020-04-02 08:54:05', '0000-00-00 00:00:00'),
(13273, 'HANIF SAPUTRA', 23, '2020-04-02 08:54:05', '0000-00-00 00:00:00'),
(13274, 'IDA WARDIANA', 22, '2020-04-02 08:54:05', '0000-00-00 00:00:00'),
(13275, 'ILHAM PRATAMA', 23, '2020-04-02 08:54:05', '0000-00-00 00:00:00'),
(13276, 'IRFAN MAULANA RIZQI', 22, '2020-04-02 08:54:05', '0000-00-00 00:00:00'),
(13277, 'KRISNA GUMELAR', 23, '2020-04-02 08:54:05', '0000-00-00 00:00:00'),
(13278, 'LAILATUL MAGHFIROH', 22, '2020-04-02 08:54:05', '0000-00-00 00:00:00'),
(13279, 'LENI SAFITRI', 23, '2020-04-02 08:54:05', '0000-00-00 00:00:00'),
(13280, 'MA\'RIFAH', 22, '2020-04-02 08:54:05', '0000-00-00 00:00:00'),
(13281, 'MAR\'ATUN KARIMAH', 23, '2020-04-02 08:54:05', '0000-00-00 00:00:00'),
(13282, 'MUHAMAD BAYU AKBAR', 22, '2020-04-02 08:54:05', '0000-00-00 00:00:00'),
(13283, 'MUHAMMAD ASSEGAF', 23, '2020-04-02 08:54:05', '0000-00-00 00:00:00'),
(13284, 'MUHAMMAD FAHREZA ARYA SAPUTRA', 22, '2020-04-02 08:54:05', '0000-00-00 00:00:00'),
(13285, 'MUHAMMAD RIFQI RIESAR', 23, '2020-04-02 08:54:05', '0000-00-00 00:00:00'),
(13286, 'MUHAMMAD VEGA RIZQI', 22, '2020-04-02 08:54:05', '0000-00-00 00:00:00'),
(13287, 'MURDIYANTO HARTANTO', 23, '2020-04-02 08:54:05', '0000-00-00 00:00:00'),
(13288, 'MUSYAFA\' ALI', 22, '2020-04-02 08:54:05', '0000-00-00 00:00:00'),
(13289, 'NABILA RASYIDA SAPUTRI', 23, '2020-04-02 08:54:05', '0000-00-00 00:00:00'),
(13290, 'NADIF NAUVAL MUSTAFA', 22, '2020-04-02 08:54:05', '0000-00-00 00:00:00'),
(13291, 'NANDA APRILIA HANDINI', 23, '2020-04-02 08:54:05', '0000-00-00 00:00:00'),
(13292, 'NAUFAL AMMAR RAIHAN', 22, '2020-04-02 08:54:05', '0000-00-00 00:00:00'),
(13293, 'NAUVAL CAESARO PREMANA', 23, '2020-04-02 08:54:05', '0000-00-00 00:00:00'),
(13294, 'NUR ARIFIN', 22, '2020-04-02 08:54:05', '0000-00-00 00:00:00'),
(13295, 'OKTA TRIAWAN', 23, '2020-04-02 08:54:05', '0000-00-00 00:00:00'),
(13296, 'PANI HADIWATI', 22, '2020-04-02 08:54:05', '0000-00-00 00:00:00'),
(13297, 'PUTRI AYU TSAQILLA AZZAHRA', 23, '2020-04-02 08:54:05', '0000-00-00 00:00:00'),
(13298, 'RATIMAH', 22, '2020-04-02 08:54:05', '0000-00-00 00:00:00'),
(13299, 'RESTU BAGUS DWI SANTOSO', 23, '2020-04-02 08:54:05', '0000-00-00 00:00:00'),
(13300, 'RIFAT FARHAN', 22, '2020-04-02 08:54:05', '0000-00-00 00:00:00'),
(13301, 'RIN WIDYANINGTIYAS', 23, '2020-04-02 08:54:05', '0000-00-00 00:00:00'),
(13302, 'RIZAL MAULANA', 22, '2020-04-02 08:54:05', '0000-00-00 00:00:00'),
(13303, 'RIZKY ANGGISTIAN', 23, '2020-04-02 08:54:05', '0000-00-00 00:00:00'),
(13304, 'RIZQI KARUNIA RAMADHAN', 22, '2020-04-02 08:54:05', '0000-00-00 00:00:00'),
(13305, 'SANDIKHA BAYU PRATAMA', 23, '2020-04-02 08:54:05', '0000-00-00 00:00:00'),
(13306, 'SELIANA', 22, '2020-04-02 08:54:05', '0000-00-00 00:00:00'),
(13307, 'SURYA AJI SAPUTRA', 23, '2020-04-02 08:54:05', '0000-00-00 00:00:00'),
(13308, 'TEGAR EKO ATMOJO', 22, '2020-04-02 08:54:05', '0000-00-00 00:00:00'),
(13309, 'TRIA KURNIANINGSIH', 23, '2020-04-02 08:54:05', '0000-00-00 00:00:00'),
(13310, 'UTARI YULINA', 22, '2020-04-02 08:54:05', '0000-00-00 00:00:00'),
(13311, 'VIGO FIRMANSYAH', 23, '2020-04-02 08:54:05', '0000-00-00 00:00:00'),
(13312, 'WIYANA WIJID PRATIWI', 22, '2020-04-02 08:54:05', '0000-00-00 00:00:00'),
(13313, 'YOGA NURCAHYONO', 23, '2020-04-02 08:54:05', '0000-00-00 00:00:00'),
(13314, 'YOVA PUTRI PRATAMA', 22, '2020-04-02 08:54:05', '0000-00-00 00:00:00'),
(13315, 'ZIDNA ROHMATAL IKHSAN', 23, '2020-04-02 08:54:05', '0000-00-00 00:00:00'),
(13316, 'ACHMAD LUTHFI WADHIHIL HAQ', 24, '2020-04-02 08:54:05', '0000-00-00 00:00:00'),
(13317, 'ACHMAD MAULAYA JALLA JALALUH', 25, '2020-04-02 08:54:05', '0000-00-00 00:00:00'),
(13318, 'ADIK AGUSTINA', 24, '2020-04-02 08:54:05', '0000-00-00 00:00:00'),
(13319, 'AHMAD ADFAN FAIZ', 25, '2020-04-02 08:54:05', '0000-00-00 00:00:00'),
(13320, 'AHMAD NASICHUN', 24, '2020-04-02 08:54:05', '0000-00-00 00:00:00'),
(13321, 'AHMAD ZAINUL LUJINAN', 25, '2020-04-02 08:54:05', '0000-00-00 00:00:00'),
(13322, 'AHMAD ZAWAWI', 24, '2020-04-02 08:54:05', '0000-00-00 00:00:00'),
(13323, 'ANANDA KHOIRUN NISA', 25, '2020-04-02 08:54:05', '0000-00-00 00:00:00'),
(13324, 'ANDI KATRIMAWAN', 24, '2020-04-02 08:54:05', '0000-00-00 00:00:00'),
(13325, 'ANISA KARUNIA', 25, '2020-04-02 08:54:05', '0000-00-00 00:00:00'),
(13326, 'ANNA NURKHAFIDZAH', 24, '2020-04-02 08:54:05', '0000-00-00 00:00:00'),
(13327, 'ARIQ PUJIANTO', 25, '2020-04-02 08:54:05', '0000-00-00 00:00:00'),
(13328, 'ARIS DANANG SAPUTRO', 24, '2020-04-02 08:54:05', '0000-00-00 00:00:00'),
(13329, 'AUDRY AFRA ZAIDDA', 25, '2020-04-02 08:54:05', '0000-00-00 00:00:00'),
(13330, 'AYU LAILAWATI', 24, '2020-04-02 08:54:05', '0000-00-00 00:00:00'),
(13331, 'BA\'IM FAHRIZA', 25, '2020-04-02 08:54:05', '0000-00-00 00:00:00'),
(13332, 'BAGAS JULI ANTONO', 24, '2020-04-02 08:54:05', '0000-00-00 00:00:00'),
(13333, 'DEVA NANDA PRATIWI', 25, '2020-04-02 08:54:05', '0000-00-00 00:00:00'),
(13334, 'DINDA RAISYA TAFTA', 24, '2020-04-02 08:54:05', '0000-00-00 00:00:00'),
(13335, 'DITYANI UNGGUH PRIBADIARTI', 25, '2020-04-02 08:54:05', '0000-00-00 00:00:00'),
(13336, 'DIVA NURHAFIZHA USWENDI', 24, '2020-04-02 08:54:05', '0000-00-00 00:00:00'),
(13337, 'EKA NURYANTI', 25, '2020-04-02 08:54:05', '0000-00-00 00:00:00'),
(13338, 'EKA OKTAVIANA ASTUTIK', 24, '2020-04-02 08:54:05', '0000-00-00 00:00:00'),
(13339, 'ERIANA DHEA TAMARA', 25, '2020-04-02 08:54:05', '0000-00-00 00:00:00'),
(13340, 'FALA NUR AFNI', 24, '2020-04-02 08:54:05', '0000-00-00 00:00:00'),
(13341, 'FARYLLA TIRTA MAHARANI', 25, '2020-04-02 08:54:05', '0000-00-00 00:00:00'),
(13342, 'FIRDA AYU ROSITA', 24, '2020-04-02 08:54:05', '0000-00-00 00:00:00'),
(13343, 'FIRMANDA AJIE RAMADHAN', 25, '2020-04-02 08:54:05', '0000-00-00 00:00:00'),
(13344, 'HANIFAH ROSIFA', 24, '2020-04-02 08:54:05', '0000-00-00 00:00:00'),
(13345, 'HANIP FEBRIANTO', 25, '2020-04-02 08:54:05', '0000-00-00 00:00:00'),
(13346, 'INDAH MUTMAINAH', 24, '2020-04-02 08:54:05', '0000-00-00 00:00:00'),
(13347, 'INEKE WULANDARI', 25, '2020-04-02 08:54:05', '0000-00-00 00:00:00'),
(13348, 'IQBAL KHOIRIL ANAM', 24, '2020-04-02 08:54:05', '0000-00-00 00:00:00'),
(13349, 'IRKHAM KURNIA ADI P', 25, '2020-04-02 08:54:05', '0000-00-00 00:00:00'),
(13350, 'JORDAN SAJANTRA', 24, '2020-04-02 08:54:05', '0000-00-00 00:00:00'),
(13351, 'KERIN ARUN NAYANG', 25, '2020-04-02 08:54:05', '0000-00-00 00:00:00'),
(13352, 'LUQMAN RISQI HANAFI', 24, '2020-04-02 08:54:05', '0000-00-00 00:00:00'),
(13353, 'LUQMAN SETYO NUGROHO', 25, '2020-04-02 08:54:05', '0000-00-00 00:00:00'),
(13354, 'MA\'RUF SETYA NUGRAHA', 24, '2020-04-02 08:54:05', '0000-00-00 00:00:00'),
(13355, 'MALICHATUN NATIQOH', 25, '2020-04-02 08:54:05', '0000-00-00 00:00:00'),
(13356, 'MEILIDINA DWI INDAH PRASASTI', 24, '2020-04-02 08:54:05', '0000-00-00 00:00:00'),
(13357, 'MUHAMMAD AZAN FARIKH', 25, '2020-04-02 08:54:05', '0000-00-00 00:00:00'),
(13358, 'MUHAMMAD KRESNA MAHARDHIKA', 24, '2020-04-02 08:54:05', '0000-00-00 00:00:00'),
(13359, 'MUHAMMAD RAFI RAMADHAN', 25, '2020-04-02 08:54:05', '0000-00-00 00:00:00'),
(13360, 'MUHAMMAD RENDY AKRAM ZAIDAN', 24, '2020-04-02 08:54:05', '0000-00-00 00:00:00'),
(13361, 'NIA FERDIYANTI', 25, '2020-04-02 08:54:05', '0000-00-00 00:00:00'),
(13362, 'NINDA NURMAYANI', 24, '2020-04-02 08:54:05', '0000-00-00 00:00:00'),
(13363, 'NUR ROHMAH', 25, '2020-04-02 08:54:05', '0000-00-00 00:00:00'),
(13364, 'NUR SAEFUDIN', 24, '2020-04-02 08:54:05', '0000-00-00 00:00:00'),
(13365, 'PINGKAN KARTIKA SARI', 25, '2020-04-02 08:54:05', '0000-00-00 00:00:00'),
(13366, 'PRISKA MONIKA MANIK', 24, '2020-04-02 08:54:05', '0000-00-00 00:00:00'),
(13367, 'QANITA ANGGUN SAFITRI', 25, '2020-04-02 08:54:05', '0000-00-00 00:00:00'),
(13368, 'RAFLI ANJASWORO', 24, '2020-04-02 08:54:05', '0000-00-00 00:00:00'),
(13369, 'RAGIL AFRIYANTO', 25, '2020-04-02 08:54:05', '0000-00-00 00:00:00'),
(13370, 'RIDHA KURNIAWATI', 24, '2020-04-02 08:54:05', '0000-00-00 00:00:00'),
(13371, 'RISKA FUTIKHATI ROSIDAH', 25, '2020-04-02 08:54:05', '0000-00-00 00:00:00'),
(13372, 'RIZKY AGIL PRATAMA', 24, '2020-04-02 08:54:05', '0000-00-00 00:00:00'),
(13373, 'RIZKY WAHYU KURNIA', 25, '2020-04-02 08:54:05', '0000-00-00 00:00:00'),
(13374, 'SALSABILLA ELSA DINI HAPSARI', 24, '2020-04-02 08:54:05', '0000-00-00 00:00:00'),
(13375, 'SASMITA NURMA WIHARTANTI', 25, '2020-04-02 08:54:05', '0000-00-00 00:00:00'),
(13376, 'SHULKHAN AL-KHOIR', 24, '2020-04-02 08:54:05', '0000-00-00 00:00:00'),
(13377, 'TRI UTAMI', 25, '2020-04-02 08:54:05', '0000-00-00 00:00:00'),
(13378, 'VANIA CAHYANINGTYAS', 24, '2020-04-02 08:54:05', '0000-00-00 00:00:00'),
(13379, 'VERA RAHMADANI', 25, '2020-04-02 08:54:05', '0000-00-00 00:00:00'),
(13380, 'AFIFAH MARDYAWATI', 34, '2020-04-02 08:54:05', '0000-00-00 00:00:00'),
(13381, 'AFRA NURUL FADHILAH', 35, '2020-04-02 08:54:05', '0000-00-00 00:00:00'),
(13382, 'AHMAD AQIL FAILASUF', 36, '2020-04-02 08:54:05', '0000-00-00 00:00:00'),
(13383, 'AHMAD SHOLEH', 34, '2020-04-02 08:54:05', '0000-00-00 00:00:00'),
(13384, 'AINI NURUL KHOYIMAH', 35, '2020-04-02 08:54:05', '0000-00-00 00:00:00'),
(13385, 'AJENG SINTA JANUARTI', 36, '2020-04-02 08:54:05', '0000-00-00 00:00:00'),
(13386, 'AKHMAD ADI', 34, '2020-04-02 08:54:05', '0000-00-00 00:00:00'),
(13387, 'ALFIAH NURUS SA\'ADAH', 35, '2020-04-02 08:54:05', '0000-00-00 00:00:00'),
(13388, 'ALISA SEPTIA AZHARI', 36, '2020-04-02 08:54:05', '0000-00-00 00:00:00'),
(13389, 'AMALINA KHAIRUNNISA', 36, '2020-04-02 08:54:05', '0000-00-00 00:00:00'),
(13390, 'ANANDA RIZKY FITRIANA', 35, '2020-04-02 08:54:05', '0000-00-00 00:00:00'),
(13391, 'ANGGRAENI SHEVA FEBRIYANTI', 36, '2020-04-02 08:54:05', '0000-00-00 00:00:00'),
(13392, 'ANINDA YUSTIKA RINI', 34, '2020-04-02 08:54:05', '0000-00-00 00:00:00'),
(13393, 'ANISA FEBRIANA', 35, '2020-04-02 08:54:05', '0000-00-00 00:00:00'),
(13394, 'APRILIA ANGGUN CAHYANI', 36, '2020-04-02 08:54:05', '0000-00-00 00:00:00'),
(13395, 'ARDIKA', 34, '2020-04-02 08:54:05', '0000-00-00 00:00:00'),
(13396, 'ARFAN ROSADI', 35, '2020-04-02 08:54:05', '0000-00-00 00:00:00'),
(13397, 'ARIFATUL KHORIDA', 36, '2020-04-02 08:54:05', '0000-00-00 00:00:00'),
(13398, 'ASIH TRISNAWATI', 34, '2020-04-02 08:54:05', '0000-00-00 00:00:00'),
(13399, 'ATIKA MEISSA ANANDA', 35, '2020-04-02 08:54:05', '0000-00-00 00:00:00'),
(13400, 'AWALIA PUTRI SOFIYA', 36, '2020-04-02 08:54:05', '0000-00-00 00:00:00'),
(13401, 'BAGAS AL PUTRA', 34, '2020-04-02 08:54:05', '0000-00-00 00:00:00'),
(13402, 'BEATRIX VIOLETA', 35, '2020-04-02 08:54:05', '0000-00-00 00:00:00'),
(13403, 'CHANDRA', 36, '2020-04-02 08:54:05', '0000-00-00 00:00:00'),
(13404, 'CITRA AFNI OKTAVIA', 34, '2020-04-02 08:54:05', '0000-00-00 00:00:00'),
(13405, 'DANIFWARA PRATAMA', 35, '2020-04-02 08:54:05', '0000-00-00 00:00:00'),
(13406, 'DEA AGUSTIN PRAMBADANI', 36, '2020-04-02 08:54:05', '0000-00-00 00:00:00'),
(13407, 'DEA EKI FARATILA', 34, '2020-04-02 08:54:05', '0000-00-00 00:00:00'),
(13408, 'DEA PUTRI ANGGARANI', 35, '2020-04-02 08:54:05', '0000-00-00 00:00:00'),
(13409, 'DESTIYA FITRIANI', 36, '2020-04-02 08:54:05', '0000-00-00 00:00:00'),
(13410, 'DIAN WIDYASTUTI', 34, '2020-04-02 08:54:05', '0000-00-00 00:00:00'),
(13411, 'DILA EKA SETIYANINGSIH', 35, '2020-04-02 08:54:05', '0000-00-00 00:00:00'),
(13412, 'DINI KUSUMA ARTANTI', 34, '2020-04-02 08:54:05', '0000-00-00 00:00:00'),
(13413, 'DONA SUCI ANGGREENI', 35, '2020-04-02 08:54:05', '0000-00-00 00:00:00'),
(13414, 'FADHIA MEY AULIA QOLBI', 36, '2020-04-02 08:54:05', '0000-00-00 00:00:00'),
(13415, 'FANANDA ELISA PUTRI', 34, '2020-04-02 08:54:05', '0000-00-00 00:00:00'),
(13416, 'FATIKA RISMA HIDAYANI', 35, '2020-04-02 08:54:05', '0000-00-00 00:00:00'),
(13417, 'FIGIANI TIRTA NINGRUM', 36, '2020-04-02 08:54:05', '0000-00-00 00:00:00'),
(13418, 'FIONA ATIKA INTAN PUTRI', 34, '2020-04-02 08:54:05', '0000-00-00 00:00:00'),
(13419, 'FITRIANA ZAHRA', 35, '2020-04-02 08:54:05', '0000-00-00 00:00:00'),
(13420, 'FITROTUL HASANAH', 36, '2020-04-02 08:54:05', '0000-00-00 00:00:00'),
(13421, 'FRASISKA VADILLA', 34, '2020-04-02 08:54:05', '0000-00-00 00:00:00'),
(13422, 'GANI MAULANA', 35, '2020-04-02 08:54:05', '0000-00-00 00:00:00'),
(13423, 'GAULANA SATRIA', 36, '2020-04-02 08:54:05', '0000-00-00 00:00:00'),
(13424, 'HANYNDA LINTANG LESTARI', 34, '2020-04-02 08:54:05', '0000-00-00 00:00:00'),
(13425, 'HESTY FEBISCA PUTRY', 35, '2020-04-02 08:54:05', '0000-00-00 00:00:00'),
(13426, 'HUSNI MUHAMAD HATA', 36, '2020-04-02 08:54:05', '0000-00-00 00:00:00'),
(13427, 'IRA GANI AGUSTIN', 34, '2020-04-02 08:54:05', '0000-00-00 00:00:00'),
(13428, 'IRMA ASLIKHATUL LATIFAH', 35, '2020-04-02 08:54:05', '0000-00-00 00:00:00'),
(13429, 'IRMA CHUSNA ZAKIYA', 36, '2020-04-02 08:54:05', '0000-00-00 00:00:00'),
(13430, 'ISNAENI NURWIDATI', 34, '2020-04-02 08:54:05', '0000-00-00 00:00:00'),
(13431, 'ISNAINI UMMU NAFISAH', 35, '2020-04-02 08:54:05', '0000-00-00 00:00:00'),
(13432, 'KANIA SHIVA AZZRA', 36, '2020-04-02 08:54:05', '0000-00-00 00:00:00'),
(13433, 'LAEYLA SALWA TANORRA', 34, '2020-04-02 08:54:05', '0000-00-00 00:00:00'),
(13434, 'LAILI REZKI RAMANDANI', 35, '2020-04-02 08:54:05', '0000-00-00 00:00:00'),
(13435, 'LAILY FARICHATUL AZKA', 36, '2020-04-02 08:54:05', '0000-00-00 00:00:00'),
(13436, 'LUSI SELVIANI', 34, '2020-04-02 08:54:05', '0000-00-00 00:00:00'),
(13437, 'LUTFIA NUR AZIZA', 35, '2020-04-02 08:54:05', '0000-00-00 00:00:00'),
(13438, 'MAHENDRA HANDY SAPUTRA', 36, '2020-04-02 08:54:05', '0000-00-00 00:00:00'),
(13439, 'MARIA KARTIKA RUSMAWATI', 34, '2020-04-02 08:54:05', '0000-00-00 00:00:00'),
(13440, 'MAULIDA ROTIAH', 35, '2020-04-02 08:54:05', '0000-00-00 00:00:00'),
(13441, 'MEILIN SAKTI MAULIDIAR', 36, '2020-04-02 08:54:05', '0000-00-00 00:00:00'),
(13442, 'MELINA', 34, '2020-04-02 08:54:05', '0000-00-00 00:00:00'),
(13443, 'NABILA ANIRA PUTRI', 35, '2020-04-02 08:54:05', '0000-00-00 00:00:00'),
(13445, 'NAFIAH JENIYANTI', 35, '2020-04-02 08:54:05', '0000-00-00 00:00:00'),
(13447, 'NOVA TIANA', 36, '2020-04-02 08:54:05', '0000-00-00 00:00:00'),
(13448, 'NOVI DWI RAHMAWATI', 34, '2020-04-02 08:54:05', '0000-00-00 00:00:00'),
(13450, 'NUR \'AIDA FATA RANI', 35, '2020-04-02 08:54:05', '0000-00-00 00:00:00'),
(13451, 'PAMUGAR ALIF ARIFIN', 36, '2020-04-02 08:54:05', '0000-00-00 00:00:00'),
(13452, 'PEBRIANA PRAMUDYA WARDANI', 34, '2020-04-02 08:54:05', '0000-00-00 00:00:00'),
(13453, 'PUPUT OCTAVIA', 35, '2020-04-02 08:54:05', '0000-00-00 00:00:00'),
(13454, 'RAFI ARSALAN', 36, '2020-04-02 08:54:05', '0000-00-00 00:00:00'),
(13455, 'RAMDHAN LABIB AL RAZIN', 34, '2020-04-02 08:54:05', '0000-00-00 00:00:00'),
(13456, 'RATNA SETIANINGSIH', 35, '2020-04-02 08:54:05', '0000-00-00 00:00:00'),
(13457, 'RENI SILVIA', 36, '2020-04-02 08:54:05', '0000-00-00 00:00:00'),
(13458, 'RIVA KHUSNULITA', 34, '2020-04-02 08:54:05', '0000-00-00 00:00:00'),
(13459, 'ROFIQOH HALIMATUSSYA\'DIAH', 35, '2020-04-02 08:54:05', '0000-00-00 00:00:00'),
(13460, 'SALIKHA DELLA PUTRI HARVIANA', 36, '2020-04-02 08:54:05', '0000-00-00 00:00:00'),
(13461, 'SELLA SEPTIANA', 34, '2020-04-02 08:54:05', '0000-00-00 00:00:00'),
(13462, 'SEPTIAN DWI CAHYO', 35, '2020-04-02 08:54:05', '0000-00-00 00:00:00'),
(13463, 'SITI NANDIRA', 36, '2020-04-02 08:54:05', '0000-00-00 00:00:00'),
(13464, 'SIVANY PUTRI LUPITA', 34, '2020-04-02 08:54:05', '0000-00-00 00:00:00'),
(13465, 'SOFIA AYU LESTARI', 35, '2020-04-02 08:54:05', '0000-00-00 00:00:00'),
(13466, 'SRI TUSRINI', 36, '2020-04-02 08:54:05', '0000-00-00 00:00:00'),
(13467, 'THANAYA WILDAN GUSTAMA', 34, '2020-04-02 08:54:05', '0000-00-00 00:00:00'),
(13468, 'TIARA RAHMAWATI', 35, '2020-04-02 08:54:05', '0000-00-00 00:00:00'),
(13469, 'TIARA SAFIRA', 36, '2020-04-02 08:54:05', '0000-00-00 00:00:00'),
(13470, 'TRIYAS AMALIA NOVRITA', 34, '2020-04-02 08:54:05', '0000-00-00 00:00:00'),
(13471, 'ULIYANA LISA MARTANTI', 35, '2020-04-02 08:54:05', '0000-00-00 00:00:00'),
(13472, 'YAYAK RIKE ERVIANA', 36, '2020-04-02 08:54:05', '0000-00-00 00:00:00'),
(13473, 'YUNIA ARIFTA', 34, '2020-04-02 08:54:05', '0000-00-00 00:00:00'),
(13474, 'YUNIA SISKA AMANDA', 35, '2020-04-02 08:54:05', '0000-00-00 00:00:00'),
(13475, 'YUNITA AMALIYAH', 36, '2020-04-02 08:54:05', '0000-00-00 00:00:00'),
(13476, 'ABYINA', 31, '2020-04-02 08:54:05', '0000-00-00 00:00:00'),
(13477, 'ADHELIA PUTRI RAGIL', 32, '2020-04-02 08:54:05', '0000-00-00 00:00:00'),
(13478, 'ADIB FARKHAN', 33, '2020-04-02 08:54:05', '0000-00-00 00:00:00'),
(13479, 'ADILA DWI ARIVIA', 31, '2020-04-02 08:54:05', '0000-00-00 00:00:00'),
(13480, 'AHMAD YOSA AGUSTIYAWAN', 32, '2020-04-02 08:54:05', '0000-00-00 00:00:00'),
(13481, 'ALFI CHARISA', 33, '2020-04-02 08:54:05', '0000-00-00 00:00:00'),
(13482, 'ANDRE', 31, '2020-04-02 08:54:05', '0000-00-00 00:00:00'),
(13483, 'ANNISAH NADIYANSAH', 32, '2020-04-02 08:54:05', '0000-00-00 00:00:00'),
(13484, 'APRILIYANI', 33, '2020-04-02 08:54:05', '0000-00-00 00:00:00'),
(13485, 'AREN ARINI', 31, '2020-04-02 08:54:05', '0000-00-00 00:00:00'),
(13486, 'ASKA SILVIANA', 32, '2020-04-02 08:54:05', '0000-00-00 00:00:00'),
(13487, 'AYU SINTHA DEVI', 33, '2020-04-02 08:54:05', '0000-00-00 00:00:00'),
(13488, 'AYUNDA NUGRA ZAHARANI', 31, '2020-04-02 08:54:05', '0000-00-00 00:00:00'),
(13489, 'BAGUS SURO TRIYONO', 32, '2020-04-02 08:54:05', '0000-00-00 00:00:00'),
(13490, 'DESTA MADA DARATRI', 33, '2020-04-02 08:54:05', '0000-00-00 00:00:00'),
(13491, 'DEWI JUNI ANDRIANI', 31, '2020-04-02 08:54:05', '0000-00-00 00:00:00'),
(13492, 'DHITA INDAH SARI', 32, '2020-04-02 08:54:05', '0000-00-00 00:00:00'),
(13493, 'DIAN RETNO WATI', 33, '2020-04-02 08:54:05', '0000-00-00 00:00:00'),
(13494, 'DINI ISTIYANTIY', 31, '2020-04-02 08:54:05', '0000-00-00 00:00:00'),
(13495, 'DITA MERINDA', 32, '2020-04-02 08:54:05', '0000-00-00 00:00:00'),
(13496, 'DIVA CAHYA FAZIRA', 33, '2020-04-02 08:54:05', '0000-00-00 00:00:00'),
(13497, 'DIVA LUSIANA', 31, '2020-04-02 08:54:05', '0000-00-00 00:00:00'),
(13498, 'ELA NORHANA', 32, '2020-04-02 08:54:05', '0000-00-00 00:00:00'),
(13499, 'ERFINA AFIYATUL ALIA', 33, '2020-04-02 08:54:05', '0000-00-00 00:00:00'),
(13500, 'FAJRIANTO', 31, '2020-04-02 08:54:05', '0000-00-00 00:00:00'),
(13501, 'FARA FITRIANA', 32, '2020-04-02 08:54:05', '0000-00-00 00:00:00'),
(13502, 'FEBY NUR AINI', 33, '2020-04-02 08:54:05', '0000-00-00 00:00:00'),
(13503, 'FERA AGUSTIN', 31, '2020-04-02 08:54:05', '0000-00-00 00:00:00'),
(13504, 'FITRI AYU WARDANIA', 32, '2020-04-02 08:54:05', '0000-00-00 00:00:00'),
(13505, 'HANA RAFHAFILAH', 33, '2020-04-02 08:54:05', '0000-00-00 00:00:00'),
(13506, 'HELMI INTAN MANGGALI', 31, '2020-04-02 08:54:05', '0000-00-00 00:00:00'),
(13507, 'HILDA RETNO ASIH BAWAZIR', 32, '2020-04-02 08:54:05', '0000-00-00 00:00:00'),
(13508, 'HOLIFAH', 33, '2020-04-02 08:54:05', '0000-00-00 00:00:00'),
(13509, 'ICA MAIEKA', 31, '2020-04-02 08:54:05', '0000-00-00 00:00:00'),
(13510, 'INDAH AYU WURYANINGSIH', 32, '2020-04-02 08:54:05', '0000-00-00 00:00:00'),
(13511, 'INDAH SETYANINGRUM', 33, '2020-04-02 08:54:05', '0000-00-00 00:00:00'),
(13512, 'ISLAKHIYYAH', 31, '2020-04-02 08:54:05', '0000-00-00 00:00:00'),
(13513, 'IVAN GEOVANI', 32, '2020-04-02 08:54:05', '0000-00-00 00:00:00'),
(13514, 'JIHAN ERLINA', 33, '2020-04-02 08:54:05', '0000-00-00 00:00:00'),
(13515, 'JOHANA GITA SAFITRI', 31, '2020-04-02 08:54:05', '0000-00-00 00:00:00'),
(13516, 'KHOLNISA UMI KHABIBAH', 32, '2020-04-02 08:54:05', '0000-00-00 00:00:00'),
(13517, 'LAILATUL KHASANAH', 33, '2020-04-02 08:54:05', '0000-00-00 00:00:00'),
(13518, 'LAILI ZAKIYAH', 31, '2020-04-02 08:54:05', '0000-00-00 00:00:00'),
(13519, 'LINTANG NOVIANA', 32, '2020-04-02 08:54:05', '0000-00-00 00:00:00'),
(13520, 'LISA NUR AENI', 33, '2020-04-02 08:54:05', '0000-00-00 00:00:00'),
(13521, 'MESIYANI', 31, '2020-04-02 08:54:05', '0000-00-00 00:00:00'),
(13522, 'MIFTAHUL JANAH', 32, '2020-04-02 08:54:05', '0000-00-00 00:00:00'),
(13523, 'MILADINA IFADATUNNUR', 33, '2020-04-02 08:54:05', '0000-00-00 00:00:00'),
(13524, 'NAGIETA DAFA CAHYANI', 31, '2020-04-02 08:54:05', '0000-00-00 00:00:00'),
(13525, 'NIKMATUN NAZILAH', 32, '2020-04-02 08:54:05', '0000-00-00 00:00:00'),
(13526, 'NINIK SAPTORINI', 33, '2020-04-02 08:54:05', '0000-00-00 00:00:00'),
(13527, 'NISAUL MUASSA DHORIFA', 31, '2020-04-02 08:54:05', '0000-00-00 00:00:00'),
(13528, 'NITA RAHMAWATI', 32, '2020-04-02 08:54:05', '0000-00-00 00:00:00'),
(13529, 'NOFIYANTI RADHITA SARI', 33, '2020-04-02 08:54:05', '0000-00-00 00:00:00'),
(13530, 'NUR APRILIANI', 31, '2020-04-02 08:54:05', '0000-00-00 00:00:00'),
(13531, 'NUR FAIZAH', 32, '2020-04-02 08:54:05', '0000-00-00 00:00:00'),
(13532, 'NURDINA AINAW SABHAN', 33, '2020-04-02 08:54:05', '0000-00-00 00:00:00'),
(13533, 'NURY SRI NINGTIAZ', 31, '2020-04-02 08:54:05', '0000-00-00 00:00:00'),
(13534, 'OCTAVIANA ANANDYA JASMINE', 32, '2020-04-02 08:54:05', '0000-00-00 00:00:00'),
(13535, 'PUTRI RADIKA SETIFANI', 33, '2020-04-02 08:54:05', '0000-00-00 00:00:00'),
(13536, 'RANI OKTAVIANI', 31, '2020-04-02 08:54:05', '0000-00-00 00:00:00'),
(13537, 'RATNA WULANDARI', 32, '2020-04-02 08:54:05', '0000-00-00 00:00:00'),
(13538, 'RENTI SUMARSIH', 33, '2020-04-02 08:54:05', '0000-00-00 00:00:00'),
(13539, 'RINA FITRI ACHYANI', 31, '2020-04-02 08:54:05', '0000-00-00 00:00:00'),
(13540, 'RISMA SUCI WAHYUNINGRUM', 32, '2020-04-02 08:54:05', '0000-00-00 00:00:00'),
(13541, 'RIZKA NGARISTY', 33, '2020-04-02 08:54:05', '0000-00-00 00:00:00'),
(13542, 'RIZKY WIJI NURANI', 31, '2020-04-02 08:54:05', '0000-00-00 00:00:00'),
(13543, 'ROFI KOTUL NGAFWA', 32, '2020-04-02 08:54:05', '0000-00-00 00:00:00'),
(13544, 'SABRINA ZAFARINA SASIKIRANA', 33, '2020-04-02 08:54:05', '0000-00-00 00:00:00'),
(13545, 'SAFIRA FITRIANI', 31, '2020-04-02 08:54:05', '0000-00-00 00:00:00'),
(13546, 'SELVIANA PRAMUDITA', 32, '2020-04-02 08:54:05', '0000-00-00 00:00:00'),
(13547, 'SILPIA MAHARANI', 33, '2020-04-02 08:54:05', '0000-00-00 00:00:00'),
(13548, 'SINTA NUR HIKMAH', 31, '2020-04-02 08:54:05', '0000-00-00 00:00:00'),
(13549, 'SITI NUR MA\'RIFAH', 32, '2020-04-02 08:54:05', '0000-00-00 00:00:00'),
(13550, 'SITI SOLIHAH', 33, '2020-04-02 08:54:05', '0000-00-00 00:00:00'),
(13551, 'SOFIA UMMIL HUSNA', 31, '2020-04-02 08:54:05', '0000-00-00 00:00:00'),
(13552, 'SOFIYAH', 32, '2020-04-02 08:54:05', '0000-00-00 00:00:00'),
(13553, 'SRI NUR HIDAYAH', 33, '2020-04-02 08:54:05', '0000-00-00 00:00:00'),
(13554, 'STEFANI HANIFAH', 31, '2020-04-02 08:54:05', '0000-00-00 00:00:00'),
(13555, 'SUCI RAMANDANI PUTRI', 32, '2020-04-02 08:54:05', '0000-00-00 00:00:00'),
(13556, 'TIA LISTIANI', 33, '2020-04-02 08:54:05', '0000-00-00 00:00:00'),
(13557, 'TRIANA SEPTIANI', 31, '2020-04-02 08:54:05', '0000-00-00 00:00:00'),
(13558, 'UMI ROHAYATI', 32, '2020-04-02 08:54:05', '0000-00-00 00:00:00'),
(13559, 'VANI SAVIRA', 33, '2020-04-02 08:54:05', '0000-00-00 00:00:00'),
(13560, 'VERIFH HENDY SAPUTRA', 31, '2020-04-02 08:54:05', '0000-00-00 00:00:00'),
(13561, 'VITA RAHAYU', 32, '2020-04-02 08:54:05', '0000-00-00 00:00:00'),
(13562, 'WAFIQ AZIZAH', 33, '2020-04-02 08:54:05', '0000-00-00 00:00:00'),
(13563, 'WINARSIH', 31, '2020-04-02 08:54:05', '0000-00-00 00:00:00'),
(13564, 'WIWIN SRI YANINGSIH', 32, '2020-04-02 08:54:05', '0000-00-00 00:00:00'),
(13565, 'WIWIT RAHMAWATI', 33, '2020-04-02 08:54:05', '0000-00-00 00:00:00'),
(13566, 'YASHINTA FEBRIANA PUTRI', 31, '2020-04-02 08:54:05', '0000-00-00 00:00:00'),
(13567, 'YOLA PRADHITA', 32, '2020-04-02 08:54:05', '0000-00-00 00:00:00'),
(13568, 'YUNA YOPITA', 33, '2020-04-02 08:54:05', '0000-00-00 00:00:00'),
(13569, 'YUNITA VIA ARDENA', 31, '2020-04-02 08:54:05', '0000-00-00 00:00:00'),
(13570, 'YUSTIN YULIANI', 32, '2020-04-02 08:54:05', '0000-00-00 00:00:00'),
(13571, 'ZAKIYATUL ASNA', 33, '2020-04-02 08:54:05', '0000-00-00 00:00:00'),
(13572, 'ADHISSA AZTIANNISA AULIA', 26, '2020-04-02 08:54:05', '0000-00-00 00:00:00'),
(13573, 'ADILA ANDRIANI PUTRI', 28, '2020-04-02 08:54:05', '0000-00-00 00:00:00'),
(13574, 'ADISTYA ZALFA', 26, '2020-04-02 08:54:05', '0000-00-00 00:00:00'),
(13575, 'AFFRILIA INDRI LESTARI', 27, '2020-04-02 08:54:05', '0000-00-00 00:00:00'),
(13576, 'AFIFAH DIVA YULIASARI', 27, '2020-04-02 08:54:05', '0000-00-00 00:00:00'),
(13577, 'AHMAD FIKRI HIDAYAT', 29, '2020-04-02 08:54:05', '0000-00-00 00:00:00'),
(13578, 'AISYAH KHUMAIRA', 26, '2020-04-02 08:54:05', '0000-00-00 00:00:00'),
(13579, 'AISYAH SENJA NUR RAKHMADANI', 28, '2020-04-02 08:54:05', '0000-00-00 00:00:00'),
(13580, 'AL FANNA IBNU ASSOBARY', 29, '2020-04-02 08:54:05', '0000-00-00 00:00:00'),
(13581, 'AL SYADIAH WAHYU WIDYA CAKTI', 27, '2020-04-02 08:54:05', '0000-00-00 00:00:00'),
(13582, 'ALDI FAJRI', 30, '2020-04-02 08:54:05', '0000-00-00 00:00:00'),
(13583, 'ALFAN ALFAREZA', 29, '2020-04-02 08:54:05', '0000-00-00 00:00:00'),
(13585, 'ALVIANA MAQSUROTULLAELI', 27, '2020-04-02 08:54:05', '0000-00-00 00:00:00'),
(13586, 'ANA ISTIYANA', 29, '2020-04-02 08:54:05', '0000-00-00 00:00:00'),
(13587, 'ANANDA PUTRI RAHMAWATI', 28, '2020-04-02 08:54:05', '0000-00-00 00:00:00'),
(13588, 'ANISSA AYU FITRIANI', 27, '2020-04-02 08:54:05', '0000-00-00 00:00:00'),
(13589, 'ANUGRAH AGIL ARDIANSYAH', 30, '2020-04-02 08:54:05', '0000-00-00 00:00:00'),
(13590, 'APRILYA RETNO SASVIRANTI', 29, '2020-04-02 08:54:05', '0000-00-00 00:00:00'),
(13591, 'ARNA SARIFAH', 26, '2020-04-02 08:54:05', '0000-00-00 00:00:00'),
(13592, 'ARSYAD ICHTIYARI ABDILLAH', 30, '2020-04-02 08:54:05', '0000-00-00 00:00:00'),
(13593, 'ARUM RIQKI APRILIA', 28, '2020-04-02 08:54:05', '0000-00-00 00:00:00'),
(13594, 'ASTRI YUNIASIH', 27, '2020-04-02 08:54:05', '0000-00-00 00:00:00'),
(13595, 'ATHFA MAR\'ATUZ SAPTI NURULIA', 26, '2020-04-02 08:54:05', '0000-00-00 00:00:00'),
(13596, 'AURA RAHMADINA', 26, '2020-04-02 08:54:05', '0000-00-00 00:00:00'),
(13597, 'AYU NINGTYAS', 30, '2020-04-02 08:54:05', '0000-00-00 00:00:00'),
(13598, 'BAYU AJI PRAKOSO', 27, '2020-04-02 08:54:05', '0000-00-00 00:00:00'),
(13599, 'BOBY KURNIAWAN', 27, '2020-04-02 08:54:05', '0000-00-00 00:00:00'),
(13600, 'BRILLIANT SEKAR ARUM PUTRI RATRISNA', 26, '2020-04-02 08:54:05', '0000-00-00 00:00:00'),
(13601, 'CATUR UTAMI SETYARINI', 30, '2020-04-02 08:54:05', '0000-00-00 00:00:00'),
(13602, 'DEDE FARHAN KURNIANSYAH', 29, '2020-04-02 08:54:05', '0000-00-00 00:00:00'),
(13603, 'DELIA AFRILIANI', 26, '2020-04-02 08:54:05', '0000-00-00 00:00:00'),
(13604, 'DESTA FARAHDILA HERYANSA', 28, '2020-04-02 08:54:05', '0000-00-00 00:00:00'),
(13605, 'DHIKRIA ISTIFAROH', 28, '2020-04-02 08:54:05', '0000-00-00 00:00:00'),
(13606, 'DIAH LESTARI', 29, '2020-04-02 08:54:05', '0000-00-00 00:00:00'),
(13607, 'DIAN DWI LESTARI', 30, '2020-04-02 08:54:05', '0000-00-00 00:00:00'),
(13608, 'DIAZ KHARISMA NURJANAH', 30, '2020-04-02 08:54:05', '0000-00-00 00:00:00'),
(13609, 'DIKY HATTA LEGAWA', 29, '2020-04-02 08:54:05', '0000-00-00 00:00:00'),
(13610, 'DLIYA ANDINI', 30, '2020-04-02 08:54:05', '0000-00-00 00:00:00'),
(13611, 'DWI ANA KUSUMANING TYAS', 26, '2020-04-02 08:54:05', '0000-00-00 00:00:00'),
(13612, 'DWI UNGGUL WIDYASTUTI', 30, '2020-04-02 08:54:05', '0000-00-00 00:00:00'),
(13613, 'EKO PRASETYO', 28, '2020-04-02 08:54:05', '0000-00-00 00:00:00'),
(13614, 'ELLISA NOVIANA DERA', 29, '2020-04-02 08:54:05', '0000-00-00 00:00:00'),
(13615, 'ERGITA AMIARTI', 29, '2020-04-02 08:54:05', '0000-00-00 00:00:00'),
(13616, 'ERIKA SANDRO DEWI', 30, '2020-04-02 08:54:05', '0000-00-00 00:00:00'),
(13617, 'ERINA SUSANTI', 27, '2020-04-02 08:54:05', '0000-00-00 00:00:00'),
(13618, 'ERVAN FEBRIAN', 30, '2020-04-02 08:54:05', '0000-00-00 00:00:00'),
(13619, 'FAHRUL FAHROZI', 26, '2020-04-02 08:54:05', '0000-00-00 00:00:00'),
(13620, 'FAIKA NUR ROHMAH', 26, '2020-04-02 08:54:05', '0000-00-00 00:00:00'),
(13621, 'FAIKOH HOIRUN NISA', 26, '2020-04-02 08:54:05', '0000-00-00 00:00:00'),
(13622, 'FAISAL NUR AMPRI', 27, '2020-04-02 08:54:05', '0000-00-00 00:00:00'),
(13623, 'FANI NUR ARIFAH', 28, '2020-04-02 08:54:05', '0000-00-00 00:00:00'),
(13624, 'FARIDA PUTRI AFRIYANI', 28, '2020-04-02 08:54:05', '0000-00-00 00:00:00'),
(13625, 'FATIN CAHARANI', 28, '2020-04-02 08:54:05', '0000-00-00 00:00:00'),
(13626, 'FELIX ARIANTO', 29, '2020-04-02 08:54:05', '0000-00-00 00:00:00'),
(13627, 'FERA GAUTAMI', 27, '2020-04-02 08:54:05', '0000-00-00 00:00:00'),
(13628, 'FIKO IBNU TORIK', 28, '2020-04-02 08:54:05', '0000-00-00 00:00:00'),
(13629, 'FILDA FILIFIA', 27, '2020-04-02 08:54:05', '0000-00-00 00:00:00'),
(13630, 'FINA SOFIATUN NABILA', 30, '2020-04-02 08:54:05', '0000-00-00 00:00:00'),
(13631, 'FITA ASRIYANI', 26, '2020-04-02 08:54:05', '0000-00-00 00:00:00'),
(13632, 'HAIFA ZAKIA AZZAHRA', 26, '2020-04-02 08:54:05', '0000-00-00 00:00:00'),
(13633, 'HARVIDYA GITA SAZKIA', 29, '2020-04-02 08:54:05', '0000-00-00 00:00:00'),
(13634, 'HARYANTI', 30, '2020-04-02 08:54:05', '0000-00-00 00:00:00'),
(13635, 'HASNA FILASAFA ZAHRA', 27, '2020-04-02 08:54:05', '0000-00-00 00:00:00'),
(13636, 'HELMI GUSTIN NINGRUM', 29, '2020-04-02 08:54:05', '0000-00-00 00:00:00'),
(13637, 'HILDA RIDHA NEZA', 28, '2020-04-02 08:54:05', '0000-00-00 00:00:00'),
(13638, 'INDY DWI SALEKHAH', 27, '2020-04-02 08:54:05', '0000-00-00 00:00:00'),
(13639, 'INTAN DEWI LESTARI', 28, '2020-04-02 08:54:05', '0000-00-00 00:00:00'),
(13640, 'IRFANDA KURNIAWAN', 26, '2020-04-02 08:54:05', '0000-00-00 00:00:00'),
(13641, 'ISNA ISMAWATI', 30, '2020-04-02 08:54:05', '0000-00-00 00:00:00'),
(13642, 'ISTIKOMAH', 30, '2020-04-02 08:54:05', '0000-00-00 00:00:00'),
(13643, 'ISTININGRUM', 28, '2020-04-02 08:54:05', '0000-00-00 00:00:00'),
(13644, 'ISYQI NAEFINA', 27, '2020-04-02 08:54:05', '0000-00-00 00:00:00'),
(13645, 'JULIANA SYAFITRI', 30, '2020-04-02 08:54:05', '0000-00-00 00:00:00'),
(13646, 'KARINA HARYATI', 29, '2020-04-02 08:54:05', '0000-00-00 00:00:00'),
(13647, 'KARTIKA', 27, '2020-04-02 08:54:05', '0000-00-00 00:00:00'),
(13648, 'KHOLIFATUN KHASANAH', 26, '2020-04-02 08:54:05', '0000-00-00 00:00:00'),
(13649, 'KHOTIMAH', 27, '2020-04-02 08:54:05', '0000-00-00 00:00:00'),
(13650, 'KRISNA EKA SETIYA ADI', 26, '2020-04-02 08:54:05', '0000-00-00 00:00:00'),
(13651, 'LAILI ANA FAHRUNISA', 27, '2020-04-02 08:54:05', '0000-00-00 00:00:00'),
(13652, 'LINIYYATIL \'IZZAH', 29, '2020-04-02 08:54:05', '0000-00-00 00:00:00'),
(13653, 'LISTIYANINGSIH DUWI CAHYANI', 27, '2020-04-02 08:54:05', '0000-00-00 00:00:00'),
(13654, 'MAIKE BUDI SAPUTRI', 26, '2020-04-02 08:54:05', '0000-00-00 00:00:00'),
(13655, 'MARATUS SHOLEKHA', 26, '2020-04-02 08:54:05', '0000-00-00 00:00:00'),
(13656, 'MARDHA DWI PRADHITA', 30, '2020-04-02 08:54:05', '0000-00-00 00:00:00'),
(13657, 'MARETA ROSALINDA', 29, '2020-04-02 08:54:05', '0000-00-00 00:00:00'),
(13658, 'MEILA NUR FATIMAH', 28, '2020-04-02 08:54:05', '0000-00-00 00:00:00'),
(13659, 'MITA YULFANI', 28, '2020-04-02 08:54:05', '0000-00-00 00:00:00'),
(13660, 'MONICA MAHARANI DEWI', 29, '2020-04-02 08:54:05', '0000-00-00 00:00:00'),
(13661, 'MUCHAMMAD RAFI IRIYANTO', 27, '2020-04-02 08:54:05', '0000-00-00 00:00:00'),
(13662, 'MUHAMAD SYAIFUDIN', 29, '2020-04-02 08:54:05', '0000-00-00 00:00:00'),
(13663, 'MUHAMMAD FAID ABDULLOH', 26, '2020-04-02 08:54:05', '0000-00-00 00:00:00'),
(13664, 'MUHAMMAD MA\'RUF ARDIANSYAH', 30, '2020-04-02 08:54:05', '0000-00-00 00:00:00'),
(13665, 'MUKAROMAH ASTRI WANDANI', 30, '2020-04-02 08:54:05', '0000-00-00 00:00:00'),
(13666, 'MUKHAMMAD AGUS KAUSAR', 30, '2020-04-02 08:54:05', '0000-00-00 00:00:00'),
(13667, 'MUTIARA EKA LISTIYANI', 27, '2020-04-02 08:54:05', '0000-00-00 00:00:00'),
(13668, 'NADIA PUSPITASARI', 27, '2020-04-02 08:54:05', '0000-00-00 00:00:00'),
(13669, 'NAJWA SALSABILA', 29, '2020-04-02 08:54:05', '0000-00-00 00:00:00'),
(13670, 'NANDIYA FARHANI', 28, '2020-04-02 08:54:05', '0000-00-00 00:00:00'),
(13671, 'NGESTI UTAMI', 30, '2020-04-02 08:54:05', '0000-00-00 00:00:00'),
(13672, 'NINDA YUSTI VALDIANA PUTRI', 26, '2020-04-02 08:54:05', '0000-00-00 00:00:00'),
(13673, 'NOFI SULIS RIYANTINA', 29, '2020-04-02 08:54:05', '0000-00-00 00:00:00'),
(13674, 'NOR AENI INDAH KURNIASARI', 26, '2020-04-02 08:54:05', '0000-00-00 00:00:00'),
(13675, 'NOVIAN SUCI KARISTA', 28, '2020-04-02 08:54:05', '0000-00-00 00:00:00'),
(13676, 'NUR AFIFAH', 29, '2020-04-02 08:54:05', '0000-00-00 00:00:00'),
(13677, 'NUR ASIYAH JAMIL', 27, '2020-04-02 08:54:05', '0000-00-00 00:00:00'),
(13678, 'NUR CAHYO YULIANTO', 30, '2020-04-02 08:54:05', '0000-00-00 00:00:00'),
(13679, 'NURLAELI YANA WULANDARI', 28, '2020-04-02 08:54:05', '0000-00-00 00:00:00'),
(13680, 'NURMIYATI', 27, '2020-04-02 08:54:05', '0000-00-00 00:00:00'),
(13681, 'NURUL HIKMAH', 27, '2020-04-02 08:54:05', '0000-00-00 00:00:00'),
(13682, 'NURUL ISTIANAH', 29, '2020-04-02 08:54:05', '0000-00-00 00:00:00'),
(13683, 'NURUL KHIKMAH', 30, '2020-04-02 08:54:05', '0000-00-00 00:00:00'),
(13684, 'PINASTI', 28, '2020-04-02 08:54:05', '0000-00-00 00:00:00'),
(13685, 'PUTRI FARKHA ADILLA RAKHMA', 29, '2020-04-02 08:54:05', '0000-00-00 00:00:00'),
(13686, 'PUTRI HARZA FEBRIARY', 29, '2020-04-02 08:54:05', '0000-00-00 00:00:00'),
(13687, 'PUTRI LESTARI', 26, '2020-04-02 08:54:05', '0000-00-00 00:00:00'),
(13688, 'QURNIA LATIFA NUR SARWESTRI', 26, '2020-04-02 08:54:05', '0000-00-00 00:00:00'),
(13689, 'RAHMAWATI MUSTIKANINGRUM', 28, '2020-04-02 08:54:05', '0000-00-00 00:00:00'),
(13690, 'RATIH SETYA PAMUKTI', 28, '2020-04-02 08:54:05', '0000-00-00 00:00:00'),
(13691, 'RISKA DWI ASTUTI', 30, '2020-04-02 08:54:05', '0000-00-00 00:00:00'),
(13692, 'RISKA NUR AFNI', 27, '2020-04-02 08:54:05', '0000-00-00 00:00:00'),
(13693, 'RISKA YULIYANA', 28, '2020-04-02 08:54:05', '0000-00-00 00:00:00'),
(13694, 'RISTIYA DIVA PRATIWI', 28, '2020-04-02 08:54:05', '0000-00-00 00:00:00'),
(13695, 'RIYAN HIDAYAT', 28, '2020-04-02 08:54:05', '0000-00-00 00:00:00'),
(13696, 'RIZKA DITA PRATIWI', 26, '2020-04-02 08:54:05', '0000-00-00 00:00:00'),
(13697, 'RIZQULLAH DAVA ARRAFI', 27, '2020-04-02 08:54:05', '0000-00-00 00:00:00'),
(13698, 'ROIKHANUDIN ASYSYAROF', 30, '2020-04-02 08:54:05', '0000-00-00 00:00:00'),
(13699, 'SABRINA RATRI AMEILIA', 30, '2020-04-02 08:54:05', '0000-00-00 00:00:00'),
(13700, 'SAFITRI YULAIKHAH', 26, '2020-04-02 08:54:05', '0000-00-00 00:00:00'),
(13701, 'SEPTIYANA NURUL LAELI', 29, '2020-04-02 08:54:05', '0000-00-00 00:00:00'),
(13702, 'SETIA NINGRUM', 26, '2020-04-02 08:54:05', '0000-00-00 00:00:00'),
(13703, 'SHELLA SAFITRI', 28, '2020-04-02 08:54:05', '0000-00-00 00:00:00'),
(13704, 'SHERINA MARTHAFANY', 29, '2020-04-02 08:54:05', '0000-00-00 00:00:00'),
(13705, 'SILFIA ANJANI', 29, '2020-04-02 08:54:05', '0000-00-00 00:00:00'),
(13706, 'SINTA MAHARANI', 26, '2020-04-02 08:54:05', '0000-00-00 00:00:00'),
(13707, 'SITI FATIMAH', 26, '2020-04-02 08:54:05', '0000-00-00 00:00:00'),
(13708, 'SITI ZULAIKHA', 30, '2020-04-02 08:54:05', '0000-00-00 00:00:00'),
(13709, 'SOFIANI OKTAFIANA PUTRI', 27, '2020-04-02 08:54:05', '0000-00-00 00:00:00'),
(13710, 'SRI WULANDARI', 27, '2020-04-02 08:54:05', '0000-00-00 00:00:00'),
(13711, 'STEVANI KURNIA OKTAVIA', 30, '2020-04-02 08:54:05', '0000-00-00 00:00:00'),
(13712, 'SYAFIRA FITRIA PUTRI', 29, '2020-04-02 08:54:05', '0000-00-00 00:00:00'),
(13713, 'SYAHIDAN PRATIWI', 30, '2020-04-02 08:54:05', '0000-00-00 00:00:00'),
(13714, 'SYAHRUL ARDIANSYAH', 29, '2020-04-02 08:54:05', '0000-00-00 00:00:00'),
(13715, 'TAUFIK PRIYADI', 29, '2020-04-02 08:54:05', '0000-00-00 00:00:00'),
(13716, 'TITIN WINDARTI', 29, '2020-04-02 08:54:05', '0000-00-00 00:00:00'),
(13717, 'TRI MUJI ASTUTI', 30, '2020-04-02 08:54:05', '0000-00-00 00:00:00'),
(13718, 'TRI WARDANI', 28, '2020-04-02 08:54:05', '0000-00-00 00:00:00'),
(13719, 'ULINUHA RAMANDANI', 28, '2020-04-02 08:54:05', '0000-00-00 00:00:00'),
(13720, 'ULUMIYATUN NAFIAH', 26, '2020-04-02 08:54:05', '0000-00-00 00:00:00'),
(13721, 'VIKA PUSPITA SETIANINGRUM', 29, '2020-04-02 08:54:05', '0000-00-00 00:00:00'),
(13722, 'VINKA VENOLA PURNAMA', 27, '2020-04-02 08:54:05', '0000-00-00 00:00:00'),
(13723, 'WAHYU HIDAYAH', 28, '2020-04-02 08:54:05', '0000-00-00 00:00:00'),
(13724, 'WIDIA DWI HASTUTI', 28, '2020-04-02 08:54:05', '0000-00-00 00:00:00'),
(13725, 'WIDYA AYU AGUSTIN', 28, '2020-04-02 08:54:05', '0000-00-00 00:00:00'),
(13726, 'WIDYA NUR AMELIA', 28, '2020-04-02 08:54:05', '0000-00-00 00:00:00'),
(13727, 'WINDY WIDYA KUSUMAWATI', 27, '2020-04-02 08:54:05', '0000-00-00 00:00:00'),
(13728, 'YAYAN SAPUTRA', 30, '2020-04-02 08:54:05', '0000-00-00 00:00:00'),
(13729, 'YUFNA SUROYA FATIMATUS ZAHRA', 27, '2020-04-02 08:54:05', '0000-00-00 00:00:00'),
(13730, 'ZAHRA AMALIA FATIKHA', 26, '2020-04-02 08:54:05', '0000-00-00 00:00:00'),
(13731, 'ZAHRA FARIH AFAGNA', 26, '2020-04-02 08:54:05', '0000-00-00 00:00:00'),
(13733, 'ABIMANYU MULYA PERKASA', 1, '2020-04-02 08:54:05', '0000-00-00 00:00:00'),
(13734, 'ADE NAUFAL AFADA', 1, '2020-04-02 08:54:05', '0000-00-00 00:00:00'),
(13735, 'ADIKA VEMAS BURHANUDIN', 1, '2020-04-02 08:54:05', '0000-00-00 00:00:00'),
(13736, 'AGUS SUSANTO', 1, '2020-04-02 08:54:05', '0000-00-00 00:00:00'),
(13737, 'AHMAD MAKHASIN', 1, '2020-04-02 08:54:05', '0000-00-00 00:00:00'),
(13738, 'AHMAD SIFA\'UL JANAN', 1, '2020-04-02 08:54:05', '0000-00-00 00:00:00'),
(13739, 'AHMAD TRIMAWAN', 1, '2020-04-02 08:54:05', '0000-00-00 00:00:00'),
(13740, 'AHMAD WIGUNA', 1, '2020-04-02 08:54:05', '0000-00-00 00:00:00'),
(13741, 'AHMAD WILDAN HIDAYAT', 1, '2020-04-02 08:54:05', '0000-00-00 00:00:00'),
(13742, 'AHMAD YOGA WITDODO', 1, '2020-04-02 08:54:05', '0000-00-00 00:00:00'),
(13743, 'AHMAD ZADA FIKRI', 1, '2020-04-02 08:54:05', '0000-00-00 00:00:00'),
(13744, 'AKHMAD AMIRUDIN ZAKA', 1, '2020-04-02 08:54:05', '0000-00-00 00:00:00'),
(13745, 'AKHSAN RIVALDI', 1, '2020-04-02 08:54:05', '0000-00-00 00:00:00'),
(13746, 'AKMAL HIDAYAT', 1, '2020-04-02 08:54:05', '0000-00-00 00:00:00'),
(13747, 'ALFA RIZKYE AL JAUZA', 1, '2020-04-02 08:54:05', '0000-00-00 00:00:00'),
(13748, 'ALFIN PUTRI NURLYZA', 1, '2020-04-02 08:54:05', '0000-00-00 00:00:00'),
(13749, 'ANI ERNAWATI', 1, '2020-04-02 08:54:05', '0000-00-00 00:00:00'),
(13750, 'ASTIYANI ISNAWATI', 1, '2020-04-02 08:54:05', '0000-00-00 00:00:00'),
(13751, 'ATA NURIYATUL KAMILA', 1, '2020-04-02 08:54:05', '0000-00-00 00:00:00'),
(13752, 'AZRIEL AKBAR FERRY ARDIANSYAH KW', 1, '2020-04-02 08:54:05', '0000-00-00 00:00:00'),
(13753, 'BUNGSU ADINA SANTOSA', 1, '2020-04-02 08:54:05', '0000-00-00 00:00:00'),
(13754, 'CITRA KHARISMA PUTRI', 1, '2020-04-02 08:54:05', '0000-00-00 00:00:00'),
(13755, 'DEBBY SYNTHIYA PADMA MEIZA', 1, '2020-04-02 08:54:05', '0000-00-00 00:00:00'),
(13756, 'DEVI ANGGRAINI', 1, '2020-04-02 08:54:05', '0000-00-00 00:00:00'),
(13757, 'DEWI SEPTIYANA RATNASARI', 1, '2020-04-02 08:54:05', '0000-00-00 00:00:00'),
(13758, 'DIKA ARDANA', 1, '2020-04-02 08:54:05', '0000-00-00 00:00:00'),
(13759, 'DINDA DIVANI', 1, '2020-04-02 08:54:05', '0000-00-00 00:00:00'),
(13760, 'DWI CAHYO', 1, '2020-04-02 08:54:05', '0000-00-00 00:00:00'),
(13761, 'DWI RANGGA SEPTIANTORO', 1, '2020-04-02 08:54:05', '0000-00-00 00:00:00'),
(13762, 'EMIYATI', 1, '2020-04-02 08:54:05', '0000-00-00 00:00:00'),
(13763, 'FAHRUDIN', 1, '2020-04-02 08:54:05', '0000-00-00 00:00:00'),
(13764, 'FARID DWI SETIYONO', 1, '2020-04-02 08:54:05', '0000-00-00 00:00:00'),
(13765, 'FATIKA ASHARI', 1, '2020-04-02 08:54:05', '0000-00-00 00:00:00'),
(13766, 'FATIYA LAELATUL AZIZAH', 1, '2020-04-02 08:54:05', '0000-00-00 00:00:00'),
(13767, 'FAUZA CHAIRUL ATHFA', 1, '2020-04-02 08:54:05', '0000-00-00 00:00:00'),
(13768, 'FIKRI IRFAN WIBOWO', 1, '2020-04-02 08:54:05', '0000-00-00 00:00:00'),
(13769, 'FREZA ADELIA', 2, '2020-04-02 08:54:05', '0000-00-00 00:00:00'),
(13770, 'GAZA TANTRA WIBISANA', 2, '2020-04-02 08:54:05', '0000-00-00 00:00:00'),
(13771, 'GUYUP BAROKAH', 2, '2020-04-02 08:54:05', '0000-00-00 00:00:00'),
(13772, 'HANI FASATUN HASANAH', 2, '2020-04-02 08:54:05', '0000-00-00 00:00:00'),
(13773, 'HANNA SAFIROH', 2, '2020-04-02 08:54:05', '0000-00-00 00:00:00'),
(13774, 'IBNU ADHE RAHARDIAN YUSUF', 2, '2020-04-02 08:54:05', '0000-00-00 00:00:00'),
(13775, 'IMAM AHMAD RIFAI', 2, '2020-04-02 08:54:05', '0000-00-00 00:00:00'),
(13776, 'IMAM RAHMAT ILAHI', 2, '2020-04-02 08:54:05', '0000-00-00 00:00:00'),
(13777, 'INDRA MAJID', 2, '2020-04-02 08:54:05', '0000-00-00 00:00:00'),
(13778, 'IRSYAD SAID EFENDI', 2, '2020-04-02 08:54:05', '0000-00-00 00:00:00'),
(13779, 'ISTIYANI', 2, '2020-04-02 08:54:05', '0000-00-00 00:00:00'),
(13780, 'IWAN SEPTIONO', 2, '2020-04-02 08:54:05', '0000-00-00 00:00:00'),
(13781, 'JULIANA', 2, '2020-04-02 08:54:05', '0000-00-00 00:00:00'),
(13782, 'LAELA KHOSIYAH', 2, '2020-04-02 08:54:05', '0000-00-00 00:00:00'),
(13783, 'MAYASARI', 2, '2020-04-02 08:54:05', '0000-00-00 00:00:00'),
(13784, 'MAYDA ASSISSA', 2, '2020-04-02 08:54:05', '0000-00-00 00:00:00'),
(13785, 'MEI ISNAWATI', 2, '2020-04-02 08:54:05', '0000-00-00 00:00:00'),
(13786, 'MILA INDRI ASTUTI', 2, '2020-04-02 08:54:05', '0000-00-00 00:00:00'),
(13787, 'MUHAMAD ARDIANSAH', 2, '2020-04-02 08:54:05', '0000-00-00 00:00:00'),
(13788, 'MUHAMMAD RAMADHANI ANTASENA WIBOWO', 2, '2020-04-02 08:54:05', '0000-00-00 00:00:00'),
(13789, 'MUHAMMAD RIZKY ARDIANSYAH', 2, '2020-04-02 08:54:05', '0000-00-00 00:00:00'),
(13790, 'NADIA MAULINA ISTIQOMAH', 2, '2020-04-02 08:54:05', '0000-00-00 00:00:00'),
(13791, 'NAUFAL DAFFA PRATAMA', 2, '2020-04-02 08:54:05', '0000-00-00 00:00:00'),
(13792, 'NENY NOVITASARI', 2, '2020-04-02 08:54:05', '0000-00-00 00:00:00'),
(13793, 'NIZAR ANNAFI', 2, '2020-04-02 08:54:05', '0000-00-00 00:00:00'),
(13794, 'NUR AFIFAH', 2, '2020-04-02 08:54:05', '0000-00-00 00:00:00'),
(13795, 'RICKY TRI AWAN', 2, '2020-04-02 08:54:05', '0000-00-00 00:00:00'),
(13796, 'SOFIA AZIZAH', 2, '2020-04-02 08:54:05', '0000-00-00 00:00:00'),
(13797, 'SRI HASMIYATI', 2, '2020-04-02 08:54:05', '0000-00-00 00:00:00'),
(13798, 'SRI HASTUTI', 2, '2020-04-02 08:54:05', '0000-00-00 00:00:00'),
(13799, 'TRI WAHYU PAMUNGKAS', 2, '2020-04-02 08:54:05', '0000-00-00 00:00:00'),
(13800, 'TRIA FEBRIYANTI', 2, '2020-04-02 08:54:05', '0000-00-00 00:00:00'),
(13801, 'VIRA SAGITA PUTRI', 2, '2020-04-02 08:54:05', '0000-00-00 00:00:00'),
(13802, 'YUDHISTIO BIAZ NUR RASYID', 2, '2020-04-02 08:54:05', '0000-00-00 00:00:00'),
(13803, 'YUSUF ATTHORIQ PUTRAJUNIOR', 2, '2020-04-02 08:54:05', '0000-00-00 00:00:00'),
(13804, 'ZULFAN SYARIF MAULANA', 2, '2020-04-02 08:54:05', '0000-00-00 00:00:00'),
(13805, 'ADI ARMANTO', 3, '2020-04-02 08:54:05', '0000-00-00 00:00:00'),
(13806, 'ADIB PRAYOGA', 3, '2020-04-02 08:54:05', '0000-00-00 00:00:00'),
(13807, 'ADITYA BINTANG PRATAMA', 3, '2020-04-02 08:54:05', '0000-00-00 00:00:00'),
(13808, 'ADYP NAIFATUL HERMI', 3, '2020-04-02 08:54:05', '0000-00-00 00:00:00'),
(13809, 'AFRAN TRI WAHYUDIN', 3, '2020-04-02 08:54:05', '0000-00-00 00:00:00'),
(13810, 'AHMAD ANAS', 3, '2020-04-02 08:54:05', '0000-00-00 00:00:00'),
(13811, 'AHMAD FAHRUR ROYI', 3, '2020-04-02 08:54:05', '0000-00-00 00:00:00'),
(13812, 'AHMAD KHOIRUL ANAM ZAQY', 3, '2020-04-02 08:54:05', '0000-00-00 00:00:00'),
(13813, 'AHMAD TORIQUL MUKAROM', 3, '2020-04-02 08:54:05', '0000-00-00 00:00:00'),
(13814, 'ALI NUROHMAN', 3, '2020-04-02 08:54:05', '0000-00-00 00:00:00'),
(13815, 'ALIF MIFTAHUL', 3, '2020-04-02 08:54:05', '0000-00-00 00:00:00'),
(13816, 'ALVIAN PUTRA HARDIADI', 3, '2020-04-02 08:54:05', '0000-00-00 00:00:00'),
(13817, 'ANDRE MAHENDRA HERU KUSUMA', 3, '2020-04-02 08:54:05', '0000-00-00 00:00:00'),
(13818, 'ANNAS SHOLEH', 3, '2020-04-02 08:54:05', '0000-00-00 00:00:00'),
(13819, 'ARIF  MAHENDRA', 3, '2020-04-02 08:54:05', '0000-00-00 00:00:00'),
(13820, 'ARIN', 3, '2020-04-02 08:54:05', '0000-00-00 00:00:00'),
(13821, 'ARYA SAPUTRA', 3, '2020-04-02 08:54:05', '0000-00-00 00:00:00'),
(13822, 'DAFFA ABRIANSYAH', 3, '2020-04-02 08:54:05', '0000-00-00 00:00:00'),
(13823, 'DENNIS HIDAYATTUL MUHFAROHMAH', 3, '2020-04-02 08:54:05', '0000-00-00 00:00:00'),
(13824, 'DONNA EKA SAPUTRI', 3, '2020-04-02 08:54:05', '0000-00-00 00:00:00'),
(13825, 'EKA FITRIANA', 3, '2020-04-02 08:54:05', '0000-00-00 00:00:00'),
(13826, 'EKA LEVYSIA', 3, '2020-04-02 08:54:05', '0000-00-00 00:00:00'),
(13827, 'ERWIN DWI KURNIAWAN', 3, '2020-04-02 08:54:05', '0000-00-00 00:00:00'),
(13828, 'FAISAL WAHYU NUGROHO', 3, '2020-04-02 08:54:05', '0000-00-00 00:00:00'),
(13829, 'FARANDIAN FARHAN', 3, '2020-04-02 08:54:05', '0000-00-00 00:00:00'),
(13830, 'FARHAT ABDURRAHMAN', 3, '2020-04-02 08:54:05', '0000-00-00 00:00:00'),
(13831, 'FATHAN ALDY ALFARO', 3, '2020-04-02 08:54:05', '0000-00-00 00:00:00'),
(13832, 'FEBI ARDANI', 3, '2020-04-02 08:54:05', '0000-00-00 00:00:00');
INSERT INTO `siswa` (`id`, `nama`, `kelas_id`, `created_at`, `updated_at`) VALUES
(13833, 'FIOLITA SUCI DEWANTI', 3, '2020-04-02 08:54:05', '0000-00-00 00:00:00'),
(13834, 'INNO MUJI SETIADI', 3, '2020-04-02 08:54:05', '0000-00-00 00:00:00'),
(13835, 'IQRO \' YUSGIANTORO', 3, '2020-04-02 08:54:05', '0000-00-00 00:00:00'),
(13836, 'ITA PURNAWANTI', 3, '2020-04-02 08:54:05', '0000-00-00 00:00:00'),
(13837, 'ITA SETIANI', 3, '2020-04-02 08:54:05', '0000-00-00 00:00:00'),
(13838, 'JUNNAWAN FAHMI IDRIS', 3, '2020-04-02 08:54:05', '0000-00-00 00:00:00'),
(13839, 'KRISNA DWI HARTANTO', 3, '2020-04-02 08:54:05', '0000-00-00 00:00:00'),
(13840, 'LIDIYA AYU SETYAMI ESI', 4, '2020-04-02 08:54:05', '0000-00-00 00:00:00'),
(13841, 'MAULANA RISKI', 4, '2020-04-02 08:54:05', '0000-00-00 00:00:00'),
(13842, 'MIDNETA LEKSITA AURA MULIA', 4, '2020-04-02 08:54:05', '0000-00-00 00:00:00'),
(13843, 'MUCHAMAD NGAQIL FIKRI', 4, '2020-04-02 08:54:05', '0000-00-00 00:00:00'),
(13844, 'MUHAMAD ABROR FU\'ADI', 4, '2020-04-02 08:54:05', '0000-00-00 00:00:00'),
(13845, 'MUHAMAD ZIDQI ASEGAF', 4, '2020-04-02 08:54:05', '0000-00-00 00:00:00'),
(13846, 'MUHAMMAD AFANDI SYAH PUTRA', 4, '2020-04-02 08:54:05', '0000-00-00 00:00:00'),
(13847, 'MUHAMMAD ILHAN MANZIS', 4, '2020-04-02 08:54:05', '0000-00-00 00:00:00'),
(13848, 'MUHAMMAD INDRA ALFIAN ROSADA', 4, '2020-04-02 08:54:05', '0000-00-00 00:00:00'),
(13849, 'MUHAMMAD KHOIRUL HAQ', 4, '2020-04-02 08:54:05', '0000-00-00 00:00:00'),
(13850, 'MUHAMMAD RIKI ARDIANSYAH', 4, '2020-04-02 08:54:05', '0000-00-00 00:00:00'),
(13851, 'NAYA NUR FAIZA', 4, '2020-04-02 08:54:05', '0000-00-00 00:00:00'),
(13852, 'NGABDUN SAHID', 4, '2020-04-02 08:54:05', '0000-00-00 00:00:00'),
(13853, 'NUKE ARAFAH', 4, '2020-04-02 08:54:05', '0000-00-00 00:00:00'),
(13854, 'NUR AZIZ', 4, '2020-04-02 08:54:05', '0000-00-00 00:00:00'),
(13855, 'NUR LAELA SARI', 4, '2020-04-02 08:54:05', '0000-00-00 00:00:00'),
(13856, 'NUR OKTAVIANI', 4, '2020-04-02 08:54:05', '0000-00-00 00:00:00'),
(13857, 'PANJI  SAPUTRA', 4, '2020-04-02 08:54:05', '0000-00-00 00:00:00'),
(13858, 'PUTRI YASMIN', 4, '2020-04-02 08:54:05', '0000-00-00 00:00:00'),
(13859, 'RESTU NUGROHO', 4, '2020-04-02 08:54:05', '0000-00-00 00:00:00'),
(13860, 'RIA NATALI ALFARIZI', 4, '2020-04-02 08:54:05', '0000-00-00 00:00:00'),
(13861, 'RIZKI ARDIANTO', 4, '2020-04-02 08:54:05', '0000-00-00 00:00:00'),
(13862, 'RIZQI NAUFAL BIMA SAPUTRA', 4, '2020-04-02 08:54:05', '0000-00-00 00:00:00'),
(13863, 'SANIA RAHMAH', 4, '2020-04-02 08:54:05', '0000-00-00 00:00:00'),
(13864, 'SARMILAH', 4, '2020-04-02 08:54:05', '0000-00-00 00:00:00'),
(13865, 'SISCA MAYRISKA PUTRI', 4, '2020-04-02 08:54:05', '0000-00-00 00:00:00'),
(13866, 'SITI HANIFAH', 4, '2020-04-02 08:54:05', '0000-00-00 00:00:00'),
(13867, 'SOVIA MULIANA', 4, '2020-04-02 08:54:05', '0000-00-00 00:00:00'),
(13868, 'SYAHRUL FADLI', 4, '2020-04-02 08:54:05', '0000-00-00 00:00:00'),
(13869, 'TRIO ADI SAPUTRA', 4, '2020-04-02 08:54:05', '0000-00-00 00:00:00'),
(13870, 'VIKRI MAULANA', 4, '2020-04-02 08:54:05', '0000-00-00 00:00:00'),
(13871, 'VIRGINIA SHERLY NUR ILMANIA', 4, '2020-04-02 08:54:05', '0000-00-00 00:00:00'),
(13872, 'WAHYU DHEWA BHARATA', 4, '2020-04-02 08:54:05', '0000-00-00 00:00:00'),
(13873, 'WINDRA AHDIAR MUBAROK', 4, '2020-04-02 08:54:05', '0000-00-00 00:00:00'),
(13874, 'ZAINUL MU\'IN', 4, '2020-04-02 08:54:05', '0000-00-00 00:00:00'),
(13875, 'ZEKRY TRI FIRNANDA', 4, '2020-04-02 08:54:05', '0000-00-00 00:00:00'),
(13876, 'AFIFIANI', 5, '2020-04-02 08:54:05', '0000-00-00 00:00:00'),
(13877, 'AGIS TRI RAHAYU', 5, '2020-04-02 08:54:05', '0000-00-00 00:00:00'),
(13878, 'AHMAD ALWI RIONO', 5, '2020-04-02 08:54:05', '0000-00-00 00:00:00'),
(13879, 'AHMAD WILDAN KHATAMI', 5, '2020-04-02 08:54:05', '0000-00-00 00:00:00'),
(13880, 'AKHMAD RIJAL KHASANI', 5, '2020-04-02 08:54:05', '0000-00-00 00:00:00'),
(13881, 'ALFA FAROCHI AL FARAJ', 5, '2020-04-02 08:54:05', '0000-00-00 00:00:00'),
(13882, 'ALIEF SIYAMA RISDIYANTO PUTRA', 5, '2020-04-02 08:54:05', '0000-00-00 00:00:00'),
(13883, 'ALIF TIMUR FAJAR MERAH', 5, '2020-04-02 08:54:05', '0000-00-00 00:00:00'),
(13884, 'ALMA SHAFIRA RAMADHAN', 5, '2020-04-02 08:54:05', '0000-00-00 00:00:00'),
(13886, 'ANISA FIRDA SALSABILA', 5, '2020-04-02 08:54:05', '0000-00-00 00:00:00'),
(13887, 'ANNISA RIZKI SETIA AJI', 5, '2020-04-02 08:54:05', '0000-00-00 00:00:00'),
(13888, 'ARSA HUSNIA SETYARINI', 5, '2020-04-02 08:54:05', '0000-00-00 00:00:00'),
(13889, 'AZIZAH NUR HIDAYAH', 5, '2020-04-02 08:54:05', '0000-00-00 00:00:00'),
(13890, 'BAECHAQI PAMBUDI', 5, '2020-04-02 08:54:05', '0000-00-00 00:00:00'),
(13891, 'BAYU SOESILO PARIKESIT', 5, '2020-04-02 08:54:05', '0000-00-00 00:00:00'),
(13892, 'DELI PRIHAB MAHASIN', 5, '2020-04-02 08:54:05', '0000-00-00 00:00:00'),
(13893, 'DINA NUR AFNI', 5, '2020-04-02 08:54:05', '0000-00-00 00:00:00'),
(13894, 'DONI SETIAWAN', 5, '2020-04-02 08:54:05', '0000-00-00 00:00:00'),
(13895, 'ENGGA RIFQI FAHRIZA', 5, '2020-04-02 08:54:05', '0000-00-00 00:00:00'),
(13896, 'FARHAN AL FARUQ', 5, '2020-04-02 08:54:05', '0000-00-00 00:00:00'),
(13897, 'FATKHUR RIFQI IRSYADA', 5, '2020-04-02 08:54:05', '0000-00-00 00:00:00'),
(13899, 'FERA ANJANI', 5, '2020-04-02 08:54:05', '0000-00-00 00:00:00'),
(13900, 'FERDI', 5, '2020-04-02 08:54:05', '0000-00-00 00:00:00'),
(13901, 'FOREN DEA BRAMANTI', 5, '2020-04-02 08:54:05', '0000-00-00 00:00:00'),
(13902, 'GANY INDRA PRAJA', 5, '2020-04-02 08:54:05', '0000-00-00 00:00:00'),
(13903, 'GHIRSAN AHDANI', 5, '2020-04-02 08:54:05', '0000-00-00 00:00:00'),
(13904, 'GILANG KUSUMA PRADANA', 5, '2020-04-02 08:54:05', '0000-00-00 00:00:00'),
(13905, 'HAFIDHA RADINTYA ANJALI', 5, '2020-04-02 08:54:05', '0000-00-00 00:00:00'),
(13906, 'HARIS HASTUNGKORO', 5, '2020-04-02 08:54:05', '0000-00-00 00:00:00'),
(13907, 'HERNIDA ALYA AZIZA', 5, '2020-04-02 08:54:05', '0000-00-00 00:00:00'),
(13908, 'INDRA NUR WAKHID', 5, '2020-04-02 08:54:05', '0000-00-00 00:00:00'),
(13909, 'KHANIFA LISTIANA', 5, '2020-04-02 08:54:05', '0000-00-00 00:00:00'),
(13910, 'LESTA NUR ALFI', 5, '2020-04-02 08:54:05', '0000-00-00 00:00:00'),
(13911, 'LUDYANA LASYIFAK', 5, '2020-04-02 08:54:05', '0000-00-00 00:00:00'),
(13912, 'LUTFI ROMADHON', 6, '2020-04-02 08:54:05', '0000-00-00 00:00:00'),
(13913, 'MAULANA RIZKI RAMADHAN', 6, '2020-04-02 08:54:05', '0000-00-00 00:00:00'),
(13914, 'MUFTI ADI TAMA', 6, '2020-04-02 08:54:05', '0000-00-00 00:00:00'),
(13915, 'MUHAMMAD DISTHA WINDU ADI', 6, '2020-04-02 08:54:05', '0000-00-00 00:00:00'),
(13916, 'MUHAMMAD ZULFANUDIN', 6, '2020-04-02 08:54:05', '0000-00-00 00:00:00'),
(13917, 'MUKHAMMAD ADIB', 6, '2020-04-02 08:54:05', '0000-00-00 00:00:00'),
(13918, 'NABILA AHSANTI', 6, '2020-04-02 08:54:05', '0000-00-00 00:00:00'),
(13919, 'NAYA NAHDA NAFILLAH', 6, '2020-04-02 08:54:05', '0000-00-00 00:00:00'),
(13920, 'NELLA WIGATINING TYAS', 6, '2020-04-02 08:54:05', '0000-00-00 00:00:00'),
(13921, 'NISA RAHMAA AZIZAH', 6, '2020-04-02 08:54:05', '0000-00-00 00:00:00'),
(13922, 'NOVA SELLA AMANDA', 6, '2020-04-02 08:54:05', '0000-00-00 00:00:00'),
(13923, 'NUR AINI', 6, '2020-04-02 08:54:05', '0000-00-00 00:00:00'),
(13924, 'NUR MA\'ISYAH', 6, '2020-04-02 08:54:05', '0000-00-00 00:00:00'),
(13925, 'NUR MAULIDINA', 6, '2020-04-02 08:54:05', '0000-00-00 00:00:00'),
(13926, 'NURUL QOLBI ISTIQOMAH HANDAYANI', 6, '2020-04-02 08:54:05', '0000-00-00 00:00:00'),
(13927, 'OKTAVIA VARHATUL ZULVINA', 6, '2020-04-02 08:54:05', '0000-00-00 00:00:00'),
(13928, 'RAFLY', 6, '2020-04-02 08:54:05', '0000-00-00 00:00:00'),
(13929, 'RAHMAT TRI SAFI I', 6, '2020-04-02 08:54:05', '0000-00-00 00:00:00'),
(13930, 'RETNA ELVIYANA', 6, '2020-04-02 08:54:05', '0000-00-00 00:00:00'),
(13931, 'RISKA SETIANINGRUM', 6, '2020-04-02 08:54:05', '0000-00-00 00:00:00'),
(13932, 'RIZAL MUKHARIFIN', 6, '2020-04-02 08:54:05', '0000-00-00 00:00:00'),
(13933, 'SALSABILA RAMADHANI', 6, '2020-04-02 08:54:05', '0000-00-00 00:00:00'),
(13934, 'SETIYANTO', 6, '2020-04-02 08:54:05', '0000-00-00 00:00:00'),
(13935, 'SHEYRA NASYWA SALSABILA', 6, '2020-04-02 08:54:05', '0000-00-00 00:00:00'),
(13936, 'SIMEON BAHTERA WICAKSONO ASTARI', 6, '2020-04-02 08:54:05', '0000-00-00 00:00:00'),
(13937, 'SRI APRILISSETYA', 6, '2020-04-02 08:54:05', '0000-00-00 00:00:00'),
(13938, 'STEFANUS ANDITA SEPTIAN NUGROHO', 6, '2020-04-02 08:54:05', '0000-00-00 00:00:00'),
(13939, 'SYAHRUL AFANDI', 6, '2020-04-02 08:54:05', '0000-00-00 00:00:00'),
(13940, 'SYARIFATURROMADHONAH', 6, '2020-04-02 08:54:05', '0000-00-00 00:00:00'),
(13941, 'TRIANA AGUSTINA', 6, '2020-04-02 08:54:05', '0000-00-00 00:00:00'),
(13942, 'UNGGUL SATRIA', 6, '2020-04-02 08:54:05', '0000-00-00 00:00:00'),
(13943, 'USROTUN NURMALITA JASMINE', 6, '2020-04-02 08:54:05', '0000-00-00 00:00:00'),
(13944, 'VEA DAHLYANA', 6, '2020-04-02 08:54:05', '0000-00-00 00:00:00'),
(13945, 'WIDYA NUR ARIF HIDAYAT', 6, '2020-04-02 08:54:05', '0000-00-00 00:00:00'),
(13946, 'YUDA AGUS PRAKOSO', 6, '2020-04-02 08:54:05', '0000-00-00 00:00:00'),
(13947, 'YUSUF DWI SOJANTORO', 6, '2020-04-02 08:54:05', '0000-00-00 00:00:00'),
(13948, 'ADELIA BEKTI CAHYANI', 16, '2020-04-02 08:54:05', '0000-00-00 00:00:00'),
(13949, 'ADI ANWAR', 16, '2020-04-02 08:54:05', '0000-00-00 00:00:00'),
(13950, 'ADISTHY VHEBE HARMOKO', 16, '2020-04-02 08:54:05', '0000-00-00 00:00:00'),
(13951, 'AFIDA KHAYATUN NUFUS', 16, '2020-04-02 08:54:05', '0000-00-00 00:00:00'),
(13952, 'AFIFAH KURNIAWATI', 16, '2020-04-02 08:54:05', '0000-00-00 00:00:00'),
(13953, 'AGNES LOIS CHRISTABEL SUSANTO', 16, '2020-04-02 08:54:05', '0000-00-00 00:00:00'),
(13954, 'AGUNG NUGRAHANING GUSTI', 16, '2020-04-02 08:54:05', '0000-00-00 00:00:00'),
(13955, 'AGUSTIYANA ANGGRAENI', 16, '2020-04-02 08:54:05', '0000-00-00 00:00:00'),
(13956, 'AHMAD ADIB ARIBAH', 16, '2020-04-02 08:54:05', '0000-00-00 00:00:00'),
(13957, 'AINNA RISKI DIADI SAPUTRI', 16, '2020-04-02 08:54:05', '0000-00-00 00:00:00'),
(13958, 'AKHMAD NA\'IM', 16, '2020-04-02 08:54:05', '0000-00-00 00:00:00'),
(13959, 'ALIFIAN YUSUF PRATAMA', 16, '2020-04-02 08:54:05', '0000-00-00 00:00:00'),
(13960, 'AMELIA WAHYU WINDI ASTUTI', 16, '2020-04-02 08:54:05', '0000-00-00 00:00:00'),
(13961, 'AMIR SYARIF', 16, '2020-04-02 08:54:05', '0000-00-00 00:00:00'),
(13962, 'ANNISA ULFAH', 16, '2020-04-02 08:54:05', '0000-00-00 00:00:00'),
(13963, 'APRILIA SOFIYATUL LATIFAH', 16, '2020-04-02 08:54:05', '0000-00-00 00:00:00'),
(13964, 'ARDI AZHAR SAHPUTRA', 16, '2020-04-02 08:54:05', '0000-00-00 00:00:00'),
(13965, 'ARIFUDIN', 16, '2020-04-02 08:54:05', '0000-00-00 00:00:00'),
(13966, 'ARRATY NURSHELYANA', 16, '2020-04-02 08:54:05', '0000-00-00 00:00:00'),
(13967, 'ARYA DHANY DESTA PRATIWI', 16, '2020-04-02 08:54:05', '0000-00-00 00:00:00'),
(13968, 'ASHA CAHYA NINGRUM', 16, '2020-04-02 08:54:05', '0000-00-00 00:00:00'),
(13969, 'ATIKA INTAN ERINITA', 16, '2020-04-02 08:54:05', '0000-00-00 00:00:00'),
(13970, 'AYU RAHMAWATI', 16, '2020-04-02 08:54:05', '0000-00-00 00:00:00'),
(13971, 'BAGUS ADHITYA ARDANA', 16, '2020-04-02 08:54:05', '0000-00-00 00:00:00'),
(13972, 'DESY FATMAWATI', 16, '2020-04-02 08:54:05', '0000-00-00 00:00:00'),
(13973, 'DIVA MELSA NURSANITA', 16, '2020-04-02 08:54:05', '0000-00-00 00:00:00'),
(13974, 'EKO WAHYU RAGAJATI', 16, '2020-04-02 08:54:05', '0000-00-00 00:00:00'),
(13975, 'ERIKA ADELIYANA ROYANNI', 16, '2020-04-02 08:54:05', '0000-00-00 00:00:00'),
(13976, 'EVA NURHIDAYAH', 16, '2020-04-02 08:54:05', '0000-00-00 00:00:00'),
(13977, 'FARAHIYA FATIMATUZ ZAHRA', 16, '2020-04-02 08:54:05', '0000-00-00 00:00:00'),
(13978, 'FARIS SYAFIQ ATTARHIM ZIKRIAWAN', 16, '2020-04-02 08:54:05', '0000-00-00 00:00:00'),
(13979, 'FEBRIYANTI', 16, '2020-04-02 08:54:05', '0000-00-00 00:00:00'),
(13980, 'FEBY LUVIANA SANI', 16, '2020-04-02 08:54:05', '0000-00-00 00:00:00'),
(13981, 'FITA YULIANA', 16, '2020-04-02 08:54:05', '0000-00-00 00:00:00'),
(13982, 'FITRIA RAMADANI', 16, '2020-04-02 08:54:05', '0000-00-00 00:00:00'),
(13983, 'HASNA NUR AZIZAH', 17, '2020-04-02 08:54:05', '0000-00-00 00:00:00'),
(13984, 'HENDRY GUNAWAN', 17, '2020-04-02 08:54:05', '0000-00-00 00:00:00'),
(13985, 'KHANSA SALSABILA', 17, '2020-04-02 08:54:05', '0000-00-00 00:00:00'),
(13986, 'KHOIRUL UMAM', 17, '2020-04-02 08:54:05', '0000-00-00 00:00:00'),
(13987, 'LAELI DWI APRILIANA', 17, '2020-04-02 08:54:05', '0000-00-00 00:00:00'),
(13988, 'LELI NUR FARIDA', 17, '2020-04-02 08:54:05', '0000-00-00 00:00:00'),
(13989, 'LIS AGUSTIN RETNO D', 17, '2020-04-02 08:54:05', '0000-00-00 00:00:00'),
(13990, 'LUSIANA FITRI ANGGRAINI', 17, '2020-04-02 08:54:05', '0000-00-00 00:00:00'),
(13991, 'MAHMUD CHAFIZHAN', 17, '2020-04-02 08:54:05', '0000-00-00 00:00:00'),
(13992, 'MEIRISA DWI HAPSARI', 17, '2020-04-02 08:54:05', '0000-00-00 00:00:00'),
(13993, 'MERLY ANDANI', 17, '2020-04-02 08:54:05', '0000-00-00 00:00:00'),
(13995, 'MUSYAFFA ANWAR RIZQULLAH', 17, '2020-04-02 08:54:05', '0000-00-00 00:00:00'),
(13996, 'NADIF NUR MAULANA', 17, '2020-04-02 08:54:05', '0000-00-00 00:00:00'),
(13997, 'NANA NUR ISMA', 17, '2020-04-02 08:54:05', '0000-00-00 00:00:00'),
(13998, 'NINA TRI MAULA', 17, '2020-04-02 08:54:05', '0000-00-00 00:00:00'),
(13999, 'NUR LAELI ALFI', 17, '2020-04-02 08:54:05', '0000-00-00 00:00:00'),
(14000, 'PRAPTI FARINA', 17, '2020-04-02 08:54:05', '0000-00-00 00:00:00'),
(14001, 'RAHMAT KURNIADI', 17, '2020-04-02 08:54:05', '0000-00-00 00:00:00'),
(14002, 'RANI MARLITA', 17, '2020-04-02 08:54:05', '0000-00-00 00:00:00'),
(14003, 'ROHMAH APRILIYANI', 17, '2020-04-02 08:54:05', '0000-00-00 00:00:00'),
(14004, 'SALSA DEWI MARTA', 17, '2020-04-02 08:54:05', '0000-00-00 00:00:00'),
(14005, 'SELY CAHYANI', 17, '2020-04-02 08:54:05', '0000-00-00 00:00:00'),
(14006, 'SEPTI IRAWATI', 17, '2020-04-02 08:54:05', '0000-00-00 00:00:00'),
(14007, 'SITI AISAH', 17, '2020-04-02 08:54:05', '0000-00-00 00:00:00'),
(14008, 'SITI ANISYAH', 17, '2020-04-02 08:54:05', '0000-00-00 00:00:00'),
(14009, 'SITI RODHIYAH', 17, '2020-04-02 08:54:05', '0000-00-00 00:00:00'),
(14010, 'SUCI HASTINA', 17, '2020-04-02 08:54:05', '0000-00-00 00:00:00'),
(14011, 'TIYA MUFTIKHATUL KHOIRIYAH', 17, '2020-04-02 08:54:05', '0000-00-00 00:00:00'),
(14012, 'UMI FATHONAH', 17, '2020-04-02 08:54:05', '0000-00-00 00:00:00'),
(14013, 'VIORENA DAMAYANTI', 17, '2020-04-02 08:54:05', '0000-00-00 00:00:00'),
(14014, 'ZAHRA ALIDA ASA RAHMA', 17, '2020-04-02 08:54:05', '0000-00-00 00:00:00'),
(14015, 'ZIDNI ALVI ASIH', 17, '2020-04-02 08:54:05', '0000-00-00 00:00:00'),
(14016, 'ZUHRUFI RAHMATIN', 17, '2020-04-02 08:54:05', '0000-00-00 00:00:00'),
(14017, 'ADELIA', 18, '2020-04-02 08:54:05', '0000-00-00 00:00:00'),
(14018, 'AHMAD NURYASIN', 18, '2020-04-02 08:54:05', '0000-00-00 00:00:00'),
(14019, 'ALFI MUSAROFAH', 18, '2020-04-02 08:54:05', '0000-00-00 00:00:00'),
(14020, 'AMALIA ZULFATUL AIMMAH', 18, '2020-04-02 08:54:05', '0000-00-00 00:00:00'),
(14021, 'ANINDITA NUR MAHESA', 18, '2020-04-02 08:54:05', '0000-00-00 00:00:00'),
(14022, 'ANNISA YUMNA SHABIRA', 18, '2020-04-02 08:54:05', '0000-00-00 00:00:00'),
(14023, 'ARINA FARADISA', 18, '2020-04-02 08:54:05', '0000-00-00 00:00:00'),
(14024, 'CHOFIFATUR RIZQI MUBAROKAH', 18, '2020-04-02 08:54:05', '0000-00-00 00:00:00'),
(14025, 'DAFFA ARI ANDRIANO', 18, '2020-04-02 08:54:05', '0000-00-00 00:00:00'),
(14026, 'DEWI SAFITRI', 18, '2020-04-02 08:54:05', '0000-00-00 00:00:00'),
(14027, 'DHILA SAFITRI', 18, '2020-04-02 08:54:05', '0000-00-00 00:00:00'),
(14028, 'DIAN NUR ISLAMI', 18, '2020-04-02 08:54:05', '0000-00-00 00:00:00'),
(14029, 'DINA TRI SEPTIANI', 18, '2020-04-02 08:54:05', '0000-00-00 00:00:00'),
(14030, 'DITA KORELLIA', 18, '2020-04-02 08:54:05', '0000-00-00 00:00:00'),
(14031, 'DUWI RAHAYU', 18, '2020-04-02 08:54:05', '0000-00-00 00:00:00'),
(14032, 'DWI RISKA MAULINA', 18, '2020-04-02 08:54:05', '0000-00-00 00:00:00'),
(14033, 'ELISA PUTRI PERMATA', 18, '2020-04-02 08:54:05', '0000-00-00 00:00:00'),
(14034, 'ELVINA ARETA DESTIANI', 18, '2020-04-02 08:54:05', '0000-00-00 00:00:00'),
(14035, 'FADIA LARASWATI', 18, '2020-04-02 08:54:05', '0000-00-00 00:00:00'),
(14036, 'FARID NURSALIM', 18, '2020-04-02 08:54:05', '0000-00-00 00:00:00'),
(14037, 'FATHIANA ALRAHMAH', 18, '2020-04-02 08:54:05', '0000-00-00 00:00:00'),
(14038, 'FATIHA CESSA MAULIDA', 18, '2020-04-02 08:54:05', '0000-00-00 00:00:00'),
(14039, 'FEBIANA EKARISTI', 18, '2020-04-02 08:54:05', '0000-00-00 00:00:00'),
(14040, 'FENIYATI', 18, '2020-04-02 08:54:05', '0000-00-00 00:00:00'),
(14041, 'FILINA ARTA MIFIA', 18, '2020-04-02 08:54:05', '0000-00-00 00:00:00'),
(14042, 'GREGORIUS SATRIO WICAKSONO SABDO LANGIT', 18, '2020-04-02 08:54:05', '0000-00-00 00:00:00'),
(14043, 'HANIEF SAFII', 18, '2020-04-02 08:54:05', '0000-00-00 00:00:00'),
(14044, 'HARTATIK', 18, '2020-04-02 08:54:05', '0000-00-00 00:00:00'),
(14045, 'HASNA MAZIZAH', 18, '2020-04-02 08:54:05', '0000-00-00 00:00:00'),
(14046, 'HELEN HERLIAN ZEIN', 18, '2020-04-02 08:54:05', '0000-00-00 00:00:00'),
(14047, 'HILDA SAPUTRI', 18, '2020-04-02 08:54:05', '0000-00-00 00:00:00'),
(14048, 'INAWATI', 18, '2020-04-02 08:54:05', '0000-00-00 00:00:00'),
(14049, 'ISTI FARIHAH', 18, '2020-04-02 08:54:05', '0000-00-00 00:00:00'),
(14050, 'KRISNA ADI WIBAWA', 18, '2020-04-02 08:54:05', '0000-00-00 00:00:00'),
(14051, 'LIA WARIH PERWITASARI', 18, '2020-04-02 08:54:05', '0000-00-00 00:00:00'),
(14052, 'LUTFI WIDYANINGRUM', 19, '2020-04-02 08:54:05', '0000-00-00 00:00:00'),
(14053, 'MARYANI AMELIA ASNA', 19, '2020-04-02 08:54:05', '0000-00-00 00:00:00'),
(14054, 'MAULIDIAR NURMADANI', 19, '2020-04-02 08:54:05', '0000-00-00 00:00:00'),
(14055, 'MUHAMMAD BIMA AJI ALIFIANSA', 19, '2020-04-02 08:54:05', '0000-00-00 00:00:00'),
(14056, 'MURTIYANI', 19, '2020-04-02 08:54:05', '0000-00-00 00:00:00'),
(14057, 'NABILLA PUTRI RAMADHANI', 19, '2020-04-02 08:54:05', '0000-00-00 00:00:00'),
(14058, 'NADIA FEBI SALSABILA', 19, '2020-04-02 08:54:05', '0000-00-00 00:00:00'),
(14059, 'NADIA WULAN OKTA VIANI', 19, '2020-04-02 08:54:05', '0000-00-00 00:00:00'),
(14060, 'NAILA FAUZIYAH LATIF', 19, '2020-04-02 08:54:05', '0000-00-00 00:00:00'),
(14061, 'NOVIA IKA PRATIWI', 19, '2020-04-02 08:54:05', '0000-00-00 00:00:00'),
(14062, 'NUR ROHIMAH', 19, '2020-04-02 08:54:05', '0000-00-00 00:00:00'),
(14063, 'NUR SETIYANINGSIH', 19, '2020-04-02 08:54:05', '0000-00-00 00:00:00'),
(14064, 'NURUL AFKIA', 19, '2020-04-02 08:54:05', '0000-00-00 00:00:00'),
(14065, 'RAHMAN HANAFI', 19, '2020-04-02 08:54:05', '0000-00-00 00:00:00'),
(14066, 'RAYHAN NOFAL ADANI', 19, '2020-04-02 08:54:05', '0000-00-00 00:00:00'),
(14067, 'RIKHAN NIRWANA', 19, '2020-04-02 08:54:05', '0000-00-00 00:00:00'),
(14068, 'RISKA AYU LESTARI', 19, '2020-04-02 08:54:05', '0000-00-00 00:00:00'),
(14069, 'ROIFATI ALFIAH', 19, '2020-04-02 08:54:05', '0000-00-00 00:00:00'),
(14070, 'SEBASTIAN YANUARTA', 19, '2020-04-02 08:54:05', '0000-00-00 00:00:00'),
(14071, 'SHERLINA HESA SURA ZAKARIA', 19, '2020-04-02 08:54:05', '0000-00-00 00:00:00'),
(14072, 'SHINTIA ROZELINA', 19, '2020-04-02 08:54:05', '0000-00-00 00:00:00'),
(14073, 'SUCI FEBRIYANI', 19, '2020-04-02 08:54:05', '0000-00-00 00:00:00'),
(14074, 'SYAHDA DAFFA DAIMAH', 19, '2020-04-02 08:54:05', '0000-00-00 00:00:00'),
(14075, 'TANAYA MEDIANI MA\'ARIF', 19, '2020-04-02 08:54:05', '0000-00-00 00:00:00'),
(14076, 'TIKA ISTIANI', 19, '2020-04-02 08:54:05', '0000-00-00 00:00:00'),
(14077, 'TRIAN NURHAYANTI', 19, '2020-04-02 08:54:05', '0000-00-00 00:00:00'),
(14078, 'UMI MAURA ZAHRA', 19, '2020-04-02 08:54:05', '0000-00-00 00:00:00'),
(14079, 'VIRA TIKA RISMA', 19, '2020-04-02 08:54:05', '0000-00-00 00:00:00'),
(14080, 'WINDA ASTUTI', 19, '2020-04-02 08:54:05', '0000-00-00 00:00:00'),
(14081, 'WIWID MAHDHON', 19, '2020-04-02 08:54:05', '0000-00-00 00:00:00'),
(14082, 'WURI SIH NUGRAHANI', 19, '2020-04-02 08:54:05', '0000-00-00 00:00:00'),
(14083, 'YASMIN ANGGUN AZZAHRA', 19, '2020-04-02 08:54:05', '0000-00-00 00:00:00'),
(14084, 'YULIA HAYANTI', 19, '2020-04-02 08:54:05', '0000-00-00 00:00:00'),
(14085, 'YUNIATI', 19, '2020-04-02 08:54:05', '0000-00-00 00:00:00'),
(14086, 'YUNITA RAHAYU', 19, '2020-04-02 08:54:05', '0000-00-00 00:00:00'),
(14087, 'ZULFA AHMAD FAUZI', 19, '2020-04-02 08:54:05', '0000-00-00 00:00:00'),
(14088, 'ADELIA AGUSTINA', 13, '2020-04-02 08:54:05', '0000-00-00 00:00:00'),
(14089, 'ADI YUDIANTO', 13, '2020-04-02 08:54:05', '0000-00-00 00:00:00'),
(14090, 'ADIB NURKHAKIM', 13, '2020-04-02 08:54:05', '0000-00-00 00:00:00'),
(14091, 'ADINA FITRIYANTI EFENDI', 13, '2020-04-02 08:54:05', '0000-00-00 00:00:00'),
(14092, 'AHMAD AFIDHOH', 13, '2020-04-02 08:54:05', '0000-00-00 00:00:00'),
(14093, 'AHMAD MARZUKI', 13, '2020-04-02 08:54:05', '0000-00-00 00:00:00'),
(14094, 'AHMAD VAIZAL ADHITIA', 13, '2020-04-02 08:54:05', '0000-00-00 00:00:00'),
(14095, 'AJI IMRON MUHLASIN', 13, '2020-04-02 08:54:05', '0000-00-00 00:00:00'),
(14096, 'AKHMAD SOLEH', 13, '2020-04-02 08:54:05', '0000-00-00 00:00:00'),
(14097, 'ALFIN NURKHARIS', 13, '2020-04-02 08:54:05', '0000-00-00 00:00:00'),
(14098, 'ALI SABARNO', 13, '2020-04-02 08:54:05', '0000-00-00 00:00:00'),
(14099, 'ALIF TAJUDDIN NUR', 13, '2020-04-02 08:54:05', '0000-00-00 00:00:00'),
(14100, 'ALYA FARADISA', 13, '2020-04-02 08:54:05', '0000-00-00 00:00:00'),
(14101, 'AMILA MARISATU ZAHWA', 13, '2020-04-02 08:54:05', '0000-00-00 00:00:00'),
(14102, 'ANDINA FARADILLA', 13, '2020-04-02 08:54:05', '0000-00-00 00:00:00'),
(14103, 'ANISA NUR YAHYA', 13, '2020-04-02 08:54:05', '0000-00-00 00:00:00'),
(14104, 'ASHA RAMA DANI', 13, '2020-04-02 08:54:05', '0000-00-00 00:00:00'),
(14105, 'ASRI ICHA DEFANTI', 13, '2020-04-02 08:54:05', '0000-00-00 00:00:00'),
(14106, 'ASTIYANI', 13, '2020-04-02 08:54:05', '0000-00-00 00:00:00'),
(14107, 'ASTRID ANINDITYA ARFI ANTARI', 13, '2020-04-02 08:54:05', '0000-00-00 00:00:00'),
(14108, 'ATIKA LUTHFIYAH', 13, '2020-04-02 08:54:05', '0000-00-00 00:00:00'),
(14109, 'CAHYANI RATNASARI ANGGANI', 13, '2020-04-02 08:54:05', '0000-00-00 00:00:00'),
(14110, 'CATUR ARINTIKA PUTRI', 13, '2020-04-02 08:54:05', '0000-00-00 00:00:00'),
(14111, 'CINDY NALA IFADA', 13, '2020-04-02 08:54:05', '0000-00-00 00:00:00'),
(14112, 'CITRA ARDIANTI', 13, '2020-04-02 08:54:05', '0000-00-00 00:00:00'),
(14113, 'DELA ANJELYNA', 13, '2020-04-02 08:54:05', '0000-00-00 00:00:00'),
(14114, 'DESI RAKHMAWATI', 13, '2020-04-02 08:54:05', '0000-00-00 00:00:00'),
(14115, 'DESTI AFIFA UZIZAH', 13, '2020-04-02 08:54:05', '0000-00-00 00:00:00'),
(14116, 'DEVANI OKA ANDANA', 13, '2020-04-02 08:54:05', '0000-00-00 00:00:00'),
(14117, 'DEVI NURHAYATI', 13, '2020-04-02 08:54:05', '0000-00-00 00:00:00'),
(14118, 'DEVITA SARMAWATI', 13, '2020-04-02 08:54:05', '0000-00-00 00:00:00'),
(14119, 'DHEA DESTARINA PUTRI', 13, '2020-04-02 08:54:05', '0000-00-00 00:00:00'),
(14120, 'DIAN NURUL AZIZAH', 13, '2020-04-02 08:54:05', '0000-00-00 00:00:00'),
(14121, 'DINA MAIMANDA', 13, '2020-04-02 08:54:05', '0000-00-00 00:00:00'),
(14122, 'DWI ASTUTIK', 13, '2020-04-02 08:54:05', '0000-00-00 00:00:00'),
(14123, 'EKO NUR RAHMAN', 14, '2020-04-02 08:54:05', '0000-00-00 00:00:00'),
(14124, 'ELISA SURYANINGRUM', 14, '2020-04-02 08:54:05', '0000-00-00 00:00:00'),
(14125, 'ENI FARIDA', 14, '2020-04-02 08:54:05', '0000-00-00 00:00:00'),
(14126, 'ERIKA AURA DINA AGUSTIN', 14, '2020-04-02 08:54:05', '0000-00-00 00:00:00'),
(14127, 'ERINA MAHARANI', 14, '2020-04-02 08:54:05', '0000-00-00 00:00:00'),
(14128, 'ERNAWATI', 14, '2020-04-02 08:54:05', '0000-00-00 00:00:00'),
(14129, 'FA\'IS GIFARI', 14, '2020-04-02 08:54:05', '0000-00-00 00:00:00'),
(14130, 'FAISAL ADITYA SAPUTRA', 14, '2020-04-02 08:54:05', '0000-00-00 00:00:00'),
(14131, 'FAQIH MAULANA ADJI', 14, '2020-04-02 08:54:05', '0000-00-00 00:00:00'),
(14132, 'FARAH NUR HABIBAH', 14, '2020-04-02 08:54:05', '0000-00-00 00:00:00'),
(14133, 'FATMAWATI', 14, '2020-04-02 08:54:05', '0000-00-00 00:00:00'),
(14134, 'FEBRI MAULANA', 14, '2020-04-02 08:54:05', '0000-00-00 00:00:00'),
(14135, 'FEBRIAN FADILAH', 14, '2020-04-02 08:54:05', '0000-00-00 00:00:00'),
(14136, 'FEBRIANA ULFA CHAIRUNNISA', 14, '2020-04-02 08:54:05', '0000-00-00 00:00:00'),
(14137, 'FENTI OCTARINA', 14, '2020-04-02 08:54:05', '0000-00-00 00:00:00'),
(14138, 'FINA AUFIATUR ROCHMAH', 14, '2020-04-02 08:54:05', '0000-00-00 00:00:00'),
(14139, 'GILANG AGIL KURNIAWAN', 14, '2020-04-02 08:54:05', '0000-00-00 00:00:00'),
(14140, 'HANIFAH', 14, '2020-04-02 08:54:05', '0000-00-00 00:00:00'),
(14141, 'HUSNI HANIFAH', 14, '2020-04-02 08:54:05', '0000-00-00 00:00:00'),
(14142, 'JAFAD RISKY SAPUTRA', 14, '2020-04-02 08:54:05', '0000-00-00 00:00:00'),
(14143, 'JIHAN ZIDIA FARCHATI', 14, '2020-04-02 08:54:05', '0000-00-00 00:00:00'),
(14144, 'JILTRI ROHYATI', 14, '2020-04-02 08:54:05', '0000-00-00 00:00:00'),
(14145, 'KALISTA PUTRI FEBRIANA', 14, '2020-04-02 08:54:05', '0000-00-00 00:00:00'),
(14146, 'LASKA MITHA', 14, '2020-04-02 08:54:05', '0000-00-00 00:00:00'),
(14147, 'MARIYATUL FITRIYAH', 14, '2020-04-02 08:54:05', '0000-00-00 00:00:00'),
(14148, 'MEILANI UNTSA FADHILAH', 14, '2020-04-02 08:54:05', '0000-00-00 00:00:00'),
(14149, 'MUHAMAD WAHYU RIYADI', 14, '2020-04-02 08:54:05', '0000-00-00 00:00:00'),
(14150, 'MUHAMMAD ARSAD BADAWI', 14, '2020-04-02 08:54:05', '0000-00-00 00:00:00'),
(14151, 'MUHAMMAD ZUAN KAFABIHI', 14, '2020-04-02 08:54:05', '0000-00-00 00:00:00'),
(14152, 'MU\'MINATUN AFIFAH', 14, '2020-04-02 08:54:05', '0000-00-00 00:00:00'),
(14153, 'NANDA PUSPITA', 14, '2020-04-02 08:54:05', '0000-00-00 00:00:00'),
(14154, 'NANDA SRI UTAMI', 14, '2020-04-02 08:54:05', '0000-00-00 00:00:00'),
(14155, 'NGAINUL FUAT', 14, '2020-04-02 08:54:05', '0000-00-00 00:00:00'),
(14156, 'NIFA WASTI', 14, '2020-04-02 08:54:05', '0000-00-00 00:00:00'),
(14157, 'NIKEN GALUH LARASATI', 14, '2020-04-02 08:54:05', '0000-00-00 00:00:00'),
(14158, 'NOVIA DEVI SAFITRI', 14, '2020-04-02 08:54:05', '0000-00-00 00:00:00'),
(14159, 'NUR ALFI SANGADAH', 15, '2020-04-02 08:54:05', '0000-00-00 00:00:00'),
(14160, 'NUR KHASANAH', 15, '2020-04-02 08:54:05', '0000-00-00 00:00:00'),
(14161, 'NUR MEDITA OKTAVIA', 15, '2020-04-02 08:54:05', '0000-00-00 00:00:00'),
(14162, 'NURLAELI SAFITRI', 15, '2020-04-02 08:54:05', '0000-00-00 00:00:00'),
(14163, 'OMAR LAITS ASHFA', 15, '2020-04-02 08:54:05', '0000-00-00 00:00:00'),
(14164, 'PUTRI KHASANAH', 15, '2020-04-02 08:54:05', '0000-00-00 00:00:00'),
(14165, 'RACHMA AZZURRI', 15, '2020-04-02 08:54:05', '0000-00-00 00:00:00'),
(14166, 'RACHMA KURNIA ANGGRAINI', 15, '2020-04-02 08:54:05', '0000-00-00 00:00:00'),
(14167, 'RANI AGUSTINA', 15, '2020-04-02 08:54:05', '0000-00-00 00:00:00'),
(14168, 'REHAN DWI NUGROHO', 15, '2020-04-02 08:54:05', '0000-00-00 00:00:00'),
(14169, 'REICHANA TINA SYAHIRA', 15, '2020-04-02 08:54:05', '0000-00-00 00:00:00'),
(14170, 'RENI OKTAFIANA DEWI CAHYANI', 15, '2020-04-02 08:54:05', '0000-00-00 00:00:00'),
(14171, 'RIRIS SUMADIANI', 15, '2020-04-02 08:54:05', '0000-00-00 00:00:00'),
(14172, 'RISKI CRISTIA', 15, '2020-04-02 08:54:05', '0000-00-00 00:00:00'),
(14173, 'RISQI TRI FEBRIANTI', 15, '2020-04-02 08:54:05', '0000-00-00 00:00:00'),
(14174, 'RIZKA CHOERUN NISA', 15, '2020-04-02 08:54:05', '0000-00-00 00:00:00'),
(14175, 'ROHMA FASANAH', 15, '2020-04-02 08:54:05', '0000-00-00 00:00:00'),
(14176, 'RONA MUSTINGANAH', 15, '2020-04-02 08:54:05', '0000-00-00 00:00:00'),
(14177, 'SANTI MUNAWAROH', 15, '2020-04-02 08:54:05', '0000-00-00 00:00:00'),
(14178, 'SEKAR NAJWA APRILLIA', 15, '2020-04-02 08:54:05', '0000-00-00 00:00:00'),
(14179, 'SHAILA ZARRA SALSHABIL', 15, '2020-04-02 08:54:05', '0000-00-00 00:00:00'),
(14180, 'SINTA NUR ROHMAH', 15, '2020-04-02 08:54:05', '0000-00-00 00:00:00'),
(14181, 'SINTA TRI KUSUMAWARDANI', 15, '2020-04-02 08:54:05', '0000-00-00 00:00:00'),
(14182, 'SITI HANIFAH', 15, '2020-04-02 08:54:05', '0000-00-00 00:00:00'),
(14183, 'SITI NUR MAULIDIA', 15, '2020-04-02 08:54:05', '0000-00-00 00:00:00'),
(14184, 'SITI NURUL ALFIANTI', 15, '2020-04-02 08:54:05', '0000-00-00 00:00:00'),
(14185, 'SUKMA LAILA RIZQULLANA', 15, '2020-04-02 08:54:05', '0000-00-00 00:00:00'),
(14186, 'TIO RAHMAWAN', 15, '2020-04-02 08:54:05', '0000-00-00 00:00:00'),
(14187, 'TRI YANTO', 15, '2020-04-02 08:54:05', '0000-00-00 00:00:00'),
(14188, 'TUTIK LIYANA PUTRI', 15, '2020-04-02 08:54:05', '0000-00-00 00:00:00'),
(14189, 'UMI ADINI AZ-ZAHRA', 15, '2020-04-02 08:54:05', '0000-00-00 00:00:00'),
(14190, 'WAHDATUL FUADIYAH YATALATHTHOF', 15, '2020-04-02 08:54:05', '0000-00-00 00:00:00'),
(14191, 'WAHYU SETYO ABADI', 15, '2020-04-02 08:54:05', '0000-00-00 00:00:00'),
(14192, 'WINDY PERMATASARI', 15, '2020-04-02 08:54:05', '0000-00-00 00:00:00'),
(14193, 'ZAHRA CHARISMATIK', 15, '2020-04-02 08:54:05', '0000-00-00 00:00:00'),
(14194, 'ZAILINA ZULFA RACHMAH', 15, '2020-04-02 08:54:05', '0000-00-00 00:00:00'),
(14195, 'ADILIA ABSHARINA FARIZAN', 10, '2020-04-02 08:54:05', '0000-00-00 00:00:00'),
(14196, 'ADINDA RANIA NURMADINDA', 10, '2020-04-02 08:54:05', '0000-00-00 00:00:00'),
(14197, 'AHMAD LAUHUL MAHFUD', 10, '2020-04-02 08:54:05', '0000-00-00 00:00:00'),
(14198, 'AINUR ROHIMA SYADINA', 10, '2020-04-02 08:54:05', '0000-00-00 00:00:00'),
(14199, 'ANANDA FITRI', 10, '2020-04-02 08:54:05', '0000-00-00 00:00:00'),
(14200, 'ANANDA KHOIRUNNISA', 10, '2020-04-02 08:54:05', '0000-00-00 00:00:00'),
(14201, 'ANI FATIMATUZZAHRO', 10, '2020-04-02 08:54:05', '0000-00-00 00:00:00'),
(14202, 'ANISA NOVA ARYANI', 10, '2020-04-02 08:54:05', '0000-00-00 00:00:00'),
(14203, 'ARVI', 10, '2020-04-02 08:54:05', '0000-00-00 00:00:00'),
(14204, 'ARYA AL MAULANA', 10, '2020-04-02 08:54:05', '0000-00-00 00:00:00'),
(14205, 'ASSYIFA AGUSTINA TRIYANTI', 10, '2020-04-02 08:54:05', '0000-00-00 00:00:00'),
(14206, 'ASTRI FIRANTI', 10, '2020-04-02 08:54:05', '0000-00-00 00:00:00'),
(14207, 'AYU SALVA PRATAMA', 10, '2020-04-02 08:54:05', '0000-00-00 00:00:00'),
(14208, 'CINTA DWI ANANDA', 10, '2020-04-02 08:54:05', '0000-00-00 00:00:00'),
(14209, 'CINTRI SALINDRI', 10, '2020-04-02 08:54:05', '0000-00-00 00:00:00'),
(14210, 'DEA OKTAVIANA', 10, '2020-04-02 08:54:05', '0000-00-00 00:00:00'),
(14211, 'DEVI LIANASARI', 10, '2020-04-02 08:54:05', '0000-00-00 00:00:00'),
(14212, 'DEWI INDRIYANI', 10, '2020-04-02 08:54:05', '0000-00-00 00:00:00'),
(14213, 'DIAN WIJAYA', 10, '2020-04-02 08:54:05', '0000-00-00 00:00:00'),
(14214, 'DINDA ZULKAIDAH RAHMA', 10, '2020-04-02 08:54:05', '0000-00-00 00:00:00'),
(14215, 'DIVA PRAMUDA WARDHANI', 10, '2020-04-02 08:54:05', '0000-00-00 00:00:00'),
(14216, 'DWI RESTIANA', 10, '2020-04-02 08:54:05', '0000-00-00 00:00:00'),
(14217, 'EDWIN SAPUTRA', 10, '2020-04-02 08:54:05', '0000-00-00 00:00:00'),
(14218, 'EKA FITRIYANA', 10, '2020-04-02 08:54:05', '0000-00-00 00:00:00'),
(14219, 'EKA PUTRI KURMIATI', 10, '2020-04-02 08:54:05', '0000-00-00 00:00:00'),
(14220, 'ELA SAFITRI', 10, '2020-04-02 08:54:05', '0000-00-00 00:00:00'),
(14221, 'ELFA LESTARI', 10, '2020-04-02 08:54:05', '0000-00-00 00:00:00'),
(14222, 'ELI FITRIYANI KHASANAH', 10, '2020-04-02 08:54:05', '0000-00-00 00:00:00'),
(14223, 'ENDRA RIYADI', 10, '2020-04-02 08:54:05', '0000-00-00 00:00:00'),
(14224, 'EVA CAHYANINGRUM', 10, '2020-04-02 08:54:05', '0000-00-00 00:00:00'),
(14225, 'FARAH MELIA ASNA', 10, '2020-04-02 08:54:05', '0000-00-00 00:00:00'),
(14226, 'FATIKA SALMA FIRDAYANTI', 10, '2020-04-02 08:54:05', '0000-00-00 00:00:00'),
(14227, 'FIA FARICHATI RAHMA', 10, '2020-04-02 08:54:05', '0000-00-00 00:00:00'),
(14228, 'FITRI MUKAROMAH', 10, '2020-04-02 08:54:05', '0000-00-00 00:00:00'),
(14229, 'FITRIA TRI WARDANI', 10, '2020-04-02 08:54:05', '0000-00-00 00:00:00'),
(14230, 'GALUH SEKAR NAMAYANTI', 11, '2020-04-02 08:54:05', '0000-00-00 00:00:00'),
(14231, 'HANNA NURUL AZKA', 11, '2020-04-02 08:54:05', '0000-00-00 00:00:00'),
(14232, 'HASNA WAHYUNINGTYAS', 11, '2020-04-02 08:54:05', '0000-00-00 00:00:00'),
(14233, 'HILDA OKTAVIA', 11, '2020-04-02 08:54:05', '0000-00-00 00:00:00'),
(14234, 'INNA TSANIA ASSYAHIRA', 11, '2020-04-02 08:54:05', '0000-00-00 00:00:00'),
(14235, 'IRMA NOVIANA', 11, '2020-04-02 08:54:05', '0000-00-00 00:00:00'),
(14236, 'ISNAYA AZANAH', 11, '2020-04-02 08:54:05', '0000-00-00 00:00:00'),
(14237, 'IZZATUL LAILIA', 11, '2020-04-02 08:54:05', '0000-00-00 00:00:00'),
(14238, 'JESICA SALASWATI', 11, '2020-04-02 08:54:05', '0000-00-00 00:00:00'),
(14239, 'JIHAN OKTAVIAN HIDAYAT', 11, '2020-04-02 08:54:05', '0000-00-00 00:00:00'),
(14240, 'KHUSANA WILDA RUBI\'AH', 11, '2020-04-02 08:54:05', '0000-00-00 00:00:00'),
(14241, 'KINANTHI DWI LESTARI', 11, '2020-04-02 08:54:05', '0000-00-00 00:00:00'),
(14242, 'KRESNA DWI CHANDRA', 11, '2020-04-02 08:54:05', '0000-00-00 00:00:00'),
(14243, 'LUTFIANA AYUNI', 11, '2020-04-02 08:54:05', '0000-00-00 00:00:00'),
(14244, 'MAKRIFAH', 11, '2020-04-02 08:54:05', '0000-00-00 00:00:00'),
(14245, 'MALIKA KHUMAERA AVIVAH', 11, '2020-04-02 08:54:05', '0000-00-00 00:00:00'),
(14246, 'MAULIA RACHMA ROMADHONI', 11, '2020-04-02 08:54:05', '0000-00-00 00:00:00'),
(14247, 'MAULINDA NURUL AISYAH', 11, '2020-04-02 08:54:05', '0000-00-00 00:00:00'),
(14248, 'MAYA DINARRATIH RAHASTI', 11, '2020-04-02 08:54:05', '0000-00-00 00:00:00'),
(14249, 'MEI TRI HARYATI', 11, '2020-04-02 08:54:05', '0000-00-00 00:00:00'),
(14250, 'MIRA LUTFIYANI', 11, '2020-04-02 08:54:05', '0000-00-00 00:00:00'),
(14251, 'NINDYA DANASTRY', 11, '2020-04-02 08:54:05', '0000-00-00 00:00:00'),
(14252, 'NISA DAIYATUL KAROMAH', 11, '2020-04-02 08:54:05', '0000-00-00 00:00:00'),
(14253, 'NOVA INDRIYANI', 11, '2020-04-02 08:54:05', '0000-00-00 00:00:00'),
(14254, 'NOVA YULIA RAHMA', 11, '2020-04-02 08:54:05', '0000-00-00 00:00:00'),
(14255, 'NOVIANA TRI LESTARI', 11, '2020-04-02 08:54:05', '0000-00-00 00:00:00'),
(14256, 'NOVITA KURNIASARI', 11, '2020-04-02 08:54:05', '0000-00-00 00:00:00'),
(14257, 'NUR CHAENI', 11, '2020-04-02 08:54:05', '0000-00-00 00:00:00'),
(14258, 'NUR HIDAYAH', 11, '2020-04-02 08:54:05', '0000-00-00 00:00:00'),
(14259, 'NURIFANI', 11, '2020-04-02 08:54:05', '0000-00-00 00:00:00'),
(14260, 'NURLIA SAFITRI', 11, '2020-04-02 08:54:05', '0000-00-00 00:00:00'),
(14261, 'PIPIT HANDAYANI', 11, '2020-04-02 08:54:05', '0000-00-00 00:00:00'),
(14262, 'PRIYO GUNAWAN', 11, '2020-04-02 08:54:05', '0000-00-00 00:00:00'),
(14263, 'PUPUT FITRIA AGUSTINA', 11, '2020-04-02 08:54:05', '0000-00-00 00:00:00'),
(14264, 'RAHAYU DWI LESTARI', 11, '2020-04-02 08:54:05', '0000-00-00 00:00:00'),
(14265, 'RAHMAWATI', 11, '2020-04-02 08:54:05', '0000-00-00 00:00:00'),
(14266, 'RIFA SAPNA SARI', 12, '2020-04-02 08:54:05', '0000-00-00 00:00:00'),
(14267, 'RIFKA NURANISA', 12, '2020-04-02 08:54:05', '0000-00-00 00:00:00'),
(14268, 'RIFKA SALSABILA AULIA', 12, '2020-04-02 08:54:05', '0000-00-00 00:00:00'),
(14269, 'RINA AMBAR WATI', 12, '2020-04-02 08:54:05', '0000-00-00 00:00:00'),
(14270, 'RINI NUR AINI', 12, '2020-04-02 08:54:05', '0000-00-00 00:00:00'),
(14271, 'RISANIA AYU RABELDA', 12, '2020-04-02 08:54:05', '0000-00-00 00:00:00'),
(14272, 'RISKI HIDAYAT', 12, '2020-04-02 08:54:05', '0000-00-00 00:00:00'),
(14273, 'RISKY AMALIA HASBULLAH', 12, '2020-04-02 08:54:05', '0000-00-00 00:00:00'),
(14274, 'RISTIANA MUNTAFIAH', 12, '2020-04-02 08:54:05', '0000-00-00 00:00:00'),
(14275, 'ROFIK NUR HIDAYAT', 12, '2020-04-02 08:54:05', '0000-00-00 00:00:00'),
(14276, 'ROSITANINGSIH', 12, '2020-04-02 08:54:05', '0000-00-00 00:00:00'),
(14277, 'RYEMOND AGAS DAMANGKARA', 12, '2020-04-02 08:54:05', '0000-00-00 00:00:00'),
(14278, 'SAEFULLAH  AL  HAQI', 12, '2020-04-02 08:54:05', '0000-00-00 00:00:00'),
(14279, 'SALSA KAMILA CAHYA', 12, '2020-04-02 08:54:05', '0000-00-00 00:00:00'),
(14280, 'SEPTI LISTIYANI', 12, '2020-04-02 08:54:05', '0000-00-00 00:00:00'),
(14281, 'SEPTIANI KARTIKA SARI', 12, '2020-04-02 08:54:05', '0000-00-00 00:00:00'),
(14282, 'SHELVYA IKA NUR KAMILA', 12, '2020-04-02 08:54:05', '0000-00-00 00:00:00'),
(14283, 'SHINTA NGINDANA ZULFA', 12, '2020-04-02 08:54:05', '0000-00-00 00:00:00'),
(14284, 'SILFARA LUTFIANA', 12, '2020-04-02 08:54:05', '0000-00-00 00:00:00'),
(14285, 'SILFIA DEA FITRIAYANI', 12, '2020-04-02 08:54:05', '0000-00-00 00:00:00'),
(14286, 'SUCI RAMADHANI', 12, '2020-04-02 08:54:05', '0000-00-00 00:00:00'),
(14287, 'SUKMAWATI ANDHINI', 12, '2020-04-02 08:54:05', '0000-00-00 00:00:00'),
(14288, 'TERECIA ANGGITA', 12, '2020-04-02 08:54:05', '0000-00-00 00:00:00'),
(14289, 'TRI YUNITA', 12, '2020-04-02 08:54:05', '0000-00-00 00:00:00'),
(14290, 'TRIANI PUSPITASARI', 12, '2020-04-02 08:54:05', '0000-00-00 00:00:00'),
(14291, 'ULLIL FADILLAH', 12, '2020-04-02 08:54:05', '0000-00-00 00:00:00'),
(14292, 'WAHYU EKA SAPUTRA', 12, '2020-04-02 08:54:05', '0000-00-00 00:00:00'),
(14293, 'WINTANG NADHIFA', 12, '2020-04-02 08:54:05', '0000-00-00 00:00:00'),
(14294, 'YOGA', 12, '2020-04-02 08:54:05', '0000-00-00 00:00:00'),
(14295, 'YULI SANIA WATI', 12, '2020-04-02 08:54:05', '0000-00-00 00:00:00'),
(14296, 'YULIA EKAWATI', 12, '2020-04-02 08:54:05', '0000-00-00 00:00:00'),
(14297, 'YUMROTUL KHASANAH', 12, '2020-04-02 08:54:05', '0000-00-00 00:00:00'),
(14298, 'YUNI KRISTANIA', 12, '2020-04-02 08:54:05', '0000-00-00 00:00:00'),
(14299, 'ZAHRA\' DAVINA SEPTIYANI', 12, '2020-04-02 08:54:05', '0000-00-00 00:00:00'),
(14300, 'ZULFANI RAHMAH', 12, '2020-04-02 08:54:05', '0000-00-00 00:00:00'),
(14301, 'ADILA PUTRI AGIL', 7, '2020-04-02 08:54:05', '0000-00-00 00:00:00'),
(14302, 'AHMAD RIDHO', 7, '2020-04-02 08:54:05', '0000-00-00 00:00:00'),
(14303, 'AHMAD YUSUF ALIFIAN', 7, '2020-04-02 08:54:05', '0000-00-00 00:00:00'),
(14304, 'AKHMAD NAFIFUDIN', 7, '2020-04-02 08:54:05', '0000-00-00 00:00:00'),
(14305, 'ALDINA RAHMA PUTRI', 7, '2020-04-02 08:54:05', '0000-00-00 00:00:00'),
(14306, 'ALEXANDRA WIJAYA', 7, '2020-04-02 08:54:05', '0000-00-00 00:00:00'),
(14307, 'ALFIYATI', 7, '2020-04-02 08:54:05', '0000-00-00 00:00:00'),
(14308, 'AMALIA FADHILA', 7, '2020-04-02 08:54:05', '0000-00-00 00:00:00'),
(14309, 'AMALIA KHAIRUNISA', 7, '2020-04-02 08:54:05', '0000-00-00 00:00:00'),
(14310, 'AMALIA NURUSSYIFA', 7, '2020-04-02 08:54:05', '0000-00-00 00:00:00'),
(14311, 'AMELIA PUTRI', 7, '2020-04-02 08:54:05', '0000-00-00 00:00:00'),
(14312, 'ANANG NUR MAKRUF', 7, '2020-04-02 08:54:05', '0000-00-00 00:00:00'),
(14313, 'ANASHA RAHMAWATI GINA SAPUTRI', 7, '2020-04-02 08:54:05', '0000-00-00 00:00:00'),
(14314, 'ANDINI LARASATI', 7, '2020-04-02 08:54:05', '0000-00-00 00:00:00'),
(14315, 'ANGGI AMELIA PUTRI', 7, '2020-04-02 08:54:05', '0000-00-00 00:00:00'),
(14316, 'ANGGIE RIZQY AMANDA', 7, '2020-04-02 08:54:05', '0000-00-00 00:00:00'),
(14317, 'ANIK WIWIT AGUSTIN', 7, '2020-04-02 08:54:05', '0000-00-00 00:00:00'),
(14318, 'ANJALI ZAHROTAL JANNAH', 7, '2020-04-02 08:54:05', '0000-00-00 00:00:00'),
(14319, 'ANNAS MA\'RUF', 7, '2020-04-02 08:54:05', '0000-00-00 00:00:00'),
(14320, 'APRILIA', 7, '2020-04-02 08:54:05', '0000-00-00 00:00:00'),
(14321, 'ARIFAH DWI ANDRIYANI', 7, '2020-04-02 08:54:05', '0000-00-00 00:00:00'),
(14322, 'ARIFNA NISA\'UNTSANI', 7, '2020-04-02 08:54:05', '0000-00-00 00:00:00'),
(14323, 'ARWA NUR AVIFAH', 7, '2020-04-02 08:54:05', '0000-00-00 00:00:00'),
(14324, 'AULIA CHUSNU ROHMAH', 7, '2020-04-02 08:54:05', '0000-00-00 00:00:00'),
(14325, 'AYESHA SHIFA NAZIRA', 7, '2020-04-02 08:54:05', '0000-00-00 00:00:00'),
(14326, 'AYU DIA LATIFA', 7, '2020-04-02 08:54:05', '0000-00-00 00:00:00'),
(14327, 'AYU KHURIYAH SURAYA', 7, '2020-04-02 08:54:05', '0000-00-00 00:00:00'),
(14328, 'AZ-ZAHRA LAILATU RAHMAH', 7, '2020-04-02 08:54:05', '0000-00-00 00:00:00'),
(14329, 'BAGAWATI NOPAYULITA', 7, '2020-04-02 08:54:05', '0000-00-00 00:00:00'),
(14330, 'BINTARI ZULFA ADHINTA', 7, '2020-04-02 08:54:05', '0000-00-00 00:00:00'),
(14331, 'BISMA GARDA INDONESIA', 7, '2020-04-02 08:54:05', '0000-00-00 00:00:00'),
(14332, 'CHUSNA AMALIA', 7, '2020-04-02 08:54:05', '0000-00-00 00:00:00'),
(14333, 'CINDI LIANA ADESI', 7, '2020-04-02 08:54:05', '0000-00-00 00:00:00'),
(14334, 'DESY IMELDA SAFITRI', 7, '2020-04-02 08:54:05', '0000-00-00 00:00:00'),
(14335, 'DIAN NADZIROTUN MUDRIKAH', 7, '2020-04-02 08:54:05', '0000-00-00 00:00:00'),
(14336, 'DIFA MUSLIMAH', 7, '2020-04-02 08:54:05', '0000-00-00 00:00:00'),
(14337, 'DIKA TRISTIANI', 8, '2020-04-02 08:54:05', '0000-00-00 00:00:00'),
(14338, 'DWI LARASATI', 8, '2020-04-02 08:54:05', '0000-00-00 00:00:00'),
(14339, 'EKA CAHYANI', 8, '2020-04-02 08:54:05', '0000-00-00 00:00:00'),
(14340, 'EKA WULANDARI', 8, '2020-04-02 08:54:05', '0000-00-00 00:00:00'),
(14341, 'ELISA OKTAFIANI', 8, '2020-04-02 08:54:05', '0000-00-00 00:00:00'),
(14342, 'ELMA NUR AFIFAH', 8, '2020-04-02 08:54:05', '0000-00-00 00:00:00'),
(14343, 'EMMANUELA CRISTOMARRY NOVRISKA', 8, '2020-04-02 08:54:05', '0000-00-00 00:00:00'),
(14344, 'ERLIANA', 8, '2020-04-02 08:54:05', '0000-00-00 00:00:00'),
(14345, 'EXSA ANGGIEA RISMAWATI', 8, '2020-04-02 08:54:05', '0000-00-00 00:00:00'),
(14346, 'FAISAL ALI', 8, '2020-04-02 08:54:05', '0000-00-00 00:00:00'),
(14347, 'FARIDHOTUN TRI KHASANAH', 8, '2020-04-02 08:54:05', '0000-00-00 00:00:00'),
(14348, 'FEBIYANI EKA RAHMAN', 8, '2020-04-02 08:54:05', '0000-00-00 00:00:00'),
(14349, 'FENTY NUR HIDAYAH', 8, '2020-04-02 08:54:05', '0000-00-00 00:00:00'),
(14350, 'FIRA WULANDARI', 8, '2020-04-02 08:54:05', '0000-00-00 00:00:00'),
(14351, 'FITRI NOFITASARI', 8, '2020-04-02 08:54:05', '0000-00-00 00:00:00'),
(14352, 'HANIK KHUZAIMAH', 8, '2020-04-02 08:54:05', '0000-00-00 00:00:00'),
(14353, 'HAWA YUNIA ATIIQAH', 8, '2020-04-02 08:54:05', '0000-00-00 00:00:00'),
(14354, 'HERLINDA NOVITASARI', 8, '2020-04-02 08:54:05', '0000-00-00 00:00:00'),
(14355, 'INAS FASIHAH', 8, '2020-04-02 08:54:05', '0000-00-00 00:00:00'),
(14356, 'INDAH NUR AROFAH', 8, '2020-04-02 08:54:05', '0000-00-00 00:00:00'),
(14357, 'INDRI PUSPITA SARI', 8, '2020-04-02 08:54:05', '0000-00-00 00:00:00'),
(14358, 'INTAN CAHYANING TYAS', 8, '2020-04-02 08:54:05', '0000-00-00 00:00:00'),
(14359, 'INTAN DIAN LESTARI', 8, '2020-04-02 08:54:05', '0000-00-00 00:00:00'),
(14360, 'ISNAENI FEPRIANI', 8, '2020-04-02 08:54:05', '0000-00-00 00:00:00'),
(14361, 'ISNAENI KAROMAH', 8, '2020-04-02 08:54:05', '0000-00-00 00:00:00'),
(14362, 'KHILDA NUR MEILIZA', 8, '2020-04-02 08:54:05', '0000-00-00 00:00:00'),
(14363, 'LAELATUN NISFI', 8, '2020-04-02 08:54:05', '0000-00-00 00:00:00'),
(14364, 'LARAS PURWANDINI', 8, '2020-04-02 08:54:05', '0000-00-00 00:00:00'),
(14365, 'LUTFI ARIYANI', 8, '2020-04-02 08:54:05', '0000-00-00 00:00:00'),
(14366, 'MERLIN ELDA SANTI', 8, '2020-04-02 08:54:05', '0000-00-00 00:00:00'),
(14367, 'MITA ZULIFIA HANIF', 8, '2020-04-02 08:54:05', '0000-00-00 00:00:00'),
(14368, 'MUHAMMAD LUTFAN HAKIM', 8, '2020-04-02 08:54:05', '0000-00-00 00:00:00'),
(14369, 'MUHAMMAD SOIM IMRAN', 8, '2020-04-02 08:54:05', '0000-00-00 00:00:00'),
(14370, 'NADHIROTUN NAAFI\'AH', 8, '2020-04-02 08:54:05', '0000-00-00 00:00:00'),
(14371, 'NIDA NUR HIDAYAH', 8, '2020-04-02 08:54:05', '0000-00-00 00:00:00'),
(14372, 'NISA TRI SUFFAIDAH', 8, '2020-04-02 08:54:05', '0000-00-00 00:00:00'),
(14373, 'NUR KHOLIFAH', 9, '2020-04-02 08:54:05', '0000-00-00 00:00:00'),
(14374, 'NUR WIDAYATI', 9, '2020-04-02 08:54:05', '0000-00-00 00:00:00'),
(14375, 'NURHANIFAH', 9, '2020-04-02 08:54:05', '0000-00-00 00:00:00'),
(14376, 'NURHIDAYANTI ZULIANA', 9, '2020-04-02 08:54:05', '0000-00-00 00:00:00'),
(14377, 'PUTRI DWI UTARI', 9, '2020-04-02 08:54:05', '0000-00-00 00:00:00'),
(14378, 'PUTRI FAUZIA SEPTIANI', 9, '2020-04-02 08:54:05', '0000-00-00 00:00:00'),
(14379, 'RANI SOFIATUN', 9, '2020-04-02 08:54:05', '0000-00-00 00:00:00'),
(14380, 'RATININGSIH', 9, '2020-04-02 08:54:05', '0000-00-00 00:00:00'),
(14381, 'RATNA PUTRI FATIMAH', 9, '2020-04-02 08:54:05', '0000-00-00 00:00:00'),
(14382, 'RIAN ADI SUTRISNO', 9, '2020-04-02 08:54:05', '0000-00-00 00:00:00'),
(14383, 'RIANA DWI YUNIAN', 9, '2020-04-02 08:54:05', '0000-00-00 00:00:00'),
(14384, 'RIFKA ARUM SAFITRI', 9, '2020-04-02 08:54:05', '0000-00-00 00:00:00'),
(14385, 'RIKA SINTIA DEWI', 9, '2020-04-02 08:54:05', '0000-00-00 00:00:00'),
(14386, 'SABRINA ZASIEFA JUNIDYAS', 9, '2020-04-02 08:54:05', '0000-00-00 00:00:00'),
(14387, 'SALMA SALSABILA WIJAYA', 9, '2020-04-02 08:54:05', '0000-00-00 00:00:00'),
(14388, 'SALSA BILA FIRDA MAURITYA', 9, '2020-04-02 08:54:05', '0000-00-00 00:00:00'),
(14389, 'SALVIA NURDIANAH', 9, '2020-04-02 08:54:05', '0000-00-00 00:00:00'),
(14390, 'SHERINA YASMIN', 9, '2020-04-02 08:54:05', '0000-00-00 00:00:00'),
(14391, 'SHERLY RIZMAY ANGGRAENI', 9, '2020-04-02 08:54:05', '0000-00-00 00:00:00'),
(14392, 'SHINTA DEWI', 9, '2020-04-02 08:54:05', '0000-00-00 00:00:00'),
(14393, 'SILVI MELFEBY', 9, '2020-04-02 08:54:05', '0000-00-00 00:00:00'),
(14394, 'SITI NUR CAHYATI', 9, '2020-04-02 08:54:05', '0000-00-00 00:00:00'),
(14395, 'SITI NURJANAH', 9, '2020-04-02 08:54:05', '0000-00-00 00:00:00'),
(14396, 'SITI OKTIKA PUTRI', 9, '2020-04-02 08:54:05', '0000-00-00 00:00:00'),
(14397, 'TALITHA CETTA AMELIA', 9, '2020-04-02 08:54:05', '0000-00-00 00:00:00'),
(14398, 'TASYA FEBIANA  PUTRI RAHAYU', 9, '2020-04-02 08:54:05', '0000-00-00 00:00:00'),
(14399, 'TIARA CHANDRA NINGSIH', 9, '2020-04-02 08:54:05', '0000-00-00 00:00:00'),
(14400, 'TITIS CAHYANINGRUM', 9, '2020-04-02 08:54:05', '0000-00-00 00:00:00'),
(14401, 'TRI CAHYANINGRUM', 9, '2020-04-02 08:54:05', '0000-00-00 00:00:00'),
(14402, 'TRI PURNAMI', 9, '2020-04-02 08:54:05', '0000-00-00 00:00:00'),
(14403, 'TRILOKA HAYU WANDA', 9, '2020-04-02 08:54:05', '0000-00-00 00:00:00'),
(14404, 'TUSLIMAH ROYANI', 9, '2020-04-02 08:54:05', '0000-00-00 00:00:00'),
(14405, 'WAHYUNING LAYLI', 9, '2020-04-02 08:54:05', '0000-00-00 00:00:00'),
(14406, 'WILDAN KAMILUL \'AQLI', 9, '2020-04-02 08:54:05', '0000-00-00 00:00:00'),
(14407, 'ZAIN FATHIMATUZZAHRA', 9, '2020-04-02 08:54:05', '0000-00-00 00:00:00'),
(14408, 'ZIQRI THORIQ', 9, '2020-04-02 08:54:05', '0000-00-00 00:00:00'),
(14409, 'MUHAMMAD INDRA KURNIAWAN', 3, '2020-04-02 08:54:05', '0000-00-00 00:00:00'),
(14410, 'DIKKI AHMAD HASYIM', 5, '2020-04-02 08:54:05', '0000-00-00 00:00:00'),
(14411, 'ALFAN MAULANA FADLY', 17, '2020-04-02 08:54:05', '0000-00-00 00:00:00'),
(14412, 'SHAHNAS CESA LISTYA PALISOA', 16, '2020-04-02 08:54:05', '0000-00-00 00:00:00'),
(14413, 'TEGAR PERMANA', 17, '2020-04-02 08:54:05', '0000-00-00 00:00:00'),
(14414, 'ADHELA FALABY RAHMAN', 13, '2020-04-02 08:54:05', '0000-00-00 00:00:00'),
(14415, 'ANISA FITRIA PUTRI NANDIRA', 10, '2020-04-02 08:54:05', '0000-00-00 00:00:00'),
(14416, 'ERIS SETYAWATI', 12, '2020-04-02 08:54:05', '0000-00-00 00:00:00');

-- --------------------------------------------------------

--
-- Table structure for table `users`
--

CREATE TABLE `users` (
  `id` bigint(20) UNSIGNED NOT NULL,
  `name` varchar(255) COLLATE utf8mb4_unicode_ci NOT NULL,
  `email` varchar(255) COLLATE utf8mb4_unicode_ci NOT NULL,
  `email_verified_at` timestamp NULL DEFAULT NULL,
  `password` varchar(255) COLLATE utf8mb4_unicode_ci NOT NULL,
  `role` int(1) NOT NULL,
  `kelas_id` int(11) DEFAULT NULL,
  `remember_token` varchar(100) COLLATE utf8mb4_unicode_ci DEFAULT NULL,
  `created_at` timestamp NULL DEFAULT NULL,
  `updated_at` timestamp NULL DEFAULT NULL
) ENGINE=InnoDB DEFAULT CHARSET=utf8mb4 COLLATE=utf8mb4_unicode_ci;

--
-- Dumping data for table `users`
--

INSERT INTO `users` (`id`, `name`, `email`, `email_verified_at`, `password`, `role`, `kelas_id`, `remember_token`, `created_at`, `updated_at`) VALUES
(1, 'biaz', 'biaz@gmail.com', NULL, '$2y$10$3o5ZkaEEXZKVaIJYlJTUlOdbZnL3JYIrEUNTL1GEkmyD.YbKWidde', 1, 20, NULL, NULL, '2020-07-11 05:46:43'),
(2, 'admin', 'admin@gmail.com', NULL, '$2y$10$YCmHJPvoFtFsNURgVZ.v6eB7cQoiE/UPm2vPvbeWxgRAShAJGca2m', 2, NULL, NULL, NULL, '2020-06-22 02:07:46'),
(3, 'aji', 'ketua@gmail.com', NULL, '$2y$10$O4eanWeFn4dERRVTJ2uI9.VeGPkiUu6lrPOi24n4mCQ3uixxnLpeS', 1, 1, NULL, '2020-07-15 00:22:31', '2020-07-15 00:22:31');

--
-- Indexes for dumped tables
--

--
-- Indexes for table `failed_jobs`
--
ALTER TABLE `failed_jobs`
  ADD PRIMARY KEY (`id`);

--
-- Indexes for table `guru`
--
ALTER TABLE `guru`
  ADD PRIMARY KEY (`id`);

--
-- Indexes for table `jurnal`
--
ALTER TABLE `jurnal`
  ADD PRIMARY KEY (`id`),
  ADD KEY `guru_id` (`guru_id`),
  ADD KEY `kelas_id` (`kelas_id`),
  ADD KEY `mapel_id` (`mapel_id`);

--
-- Indexes for table `jurnal_siswa`
--
ALTER TABLE `jurnal_siswa`
  ADD PRIMARY KEY (`id`),
  ADD KEY `jurnal_id` (`jurnal_id`),
  ADD KEY `siswa_id` (`siswa_id`);

--
-- Indexes for table `kelas`
--
ALTER TABLE `kelas`
  ADD PRIMARY KEY (`id`);

--
-- Indexes for table `mapel`
--
ALTER TABLE `mapel`
  ADD PRIMARY KEY (`id`);

--
-- Indexes for table `migrations`
--
ALTER TABLE `migrations`
  ADD PRIMARY KEY (`id`);

--
-- Indexes for table `password_resets`
--
ALTER TABLE `password_resets`
  ADD KEY `password_resets_email_index` (`email`);

--
-- Indexes for table `siswa`
--
ALTER TABLE `siswa`
  ADD PRIMARY KEY (`id`),
  ADD KEY `kelas_id` (`kelas_id`);

--
-- Indexes for table `users`
--
ALTER TABLE `users`
  ADD PRIMARY KEY (`id`),
  ADD UNIQUE KEY `users_email_unique` (`email`),
  ADD KEY `kelas_id` (`kelas_id`);

--
-- AUTO_INCREMENT for dumped tables
--

--
-- AUTO_INCREMENT for table `failed_jobs`
--
ALTER TABLE `failed_jobs`
  MODIFY `id` bigint(20) UNSIGNED NOT NULL AUTO_INCREMENT;

--
-- AUTO_INCREMENT for table `guru`
--
ALTER TABLE `guru`
  MODIFY `id` int(11) NOT NULL AUTO_INCREMENT, AUTO_INCREMENT=100;

--
-- AUTO_INCREMENT for table `jurnal`
--
ALTER TABLE `jurnal`
  MODIFY `id` int(11) NOT NULL AUTO_INCREMENT, AUTO_INCREMENT=29;

--
-- AUTO_INCREMENT for table `jurnal_siswa`
--
ALTER TABLE `jurnal_siswa`
  MODIFY `id` int(11) NOT NULL AUTO_INCREMENT, AUTO_INCREMENT=108;

--
-- AUTO_INCREMENT for table `kelas`
--
ALTER TABLE `kelas`
  MODIFY `id` int(11) NOT NULL AUTO_INCREMENT, AUTO_INCREMENT=52;

--
-- AUTO_INCREMENT for table `mapel`
--
ALTER TABLE `mapel`
  MODIFY `id` int(11) NOT NULL AUTO_INCREMENT, AUTO_INCREMENT=81;

--
-- AUTO_INCREMENT for table `migrations`
--
ALTER TABLE `migrations`
  MODIFY `id` int(10) UNSIGNED NOT NULL AUTO_INCREMENT, AUTO_INCREMENT=5;

--
-- AUTO_INCREMENT for table `siswa`
--
ALTER TABLE `siswa`
  MODIFY `id` int(11) NOT NULL AUTO_INCREMENT, AUTO_INCREMENT=14426;

--
-- AUTO_INCREMENT for table `users`
--
ALTER TABLE `users`
  MODIFY `id` bigint(20) UNSIGNED NOT NULL AUTO_INCREMENT, AUTO_INCREMENT=4;

--
-- Constraints for dumped tables
--

--
-- Constraints for table `jurnal`
--
ALTER TABLE `jurnal`
  ADD CONSTRAINT `jurnal_ibfk_1` FOREIGN KEY (`guru_id`) REFERENCES `guru` (`id`),
  ADD CONSTRAINT `jurnal_ibfk_2` FOREIGN KEY (`kelas_id`) REFERENCES `kelas` (`id`),
  ADD CONSTRAINT `jurnal_ibfk_3` FOREIGN KEY (`mapel_id`) REFERENCES `mapel` (`id`);

--
-- Constraints for table `siswa`
--
ALTER TABLE `siswa`
  ADD CONSTRAINT `siswa_ibfk_1` FOREIGN KEY (`kelas_id`) REFERENCES `kelas` (`id`);

--
-- Constraints for table `users`
--
ALTER TABLE `users`
  ADD CONSTRAINT `users_ibfk_1` FOREIGN KEY (`kelas_id`) REFERENCES `kelas` (`id`);
COMMIT;

/*!40101 SET CHARACTER_SET_CLIENT=@OLD_CHARACTER_SET_CLIENT */;
/*!40101 SET CHARACTER_SET_RESULTS=@OLD_CHARACTER_SET_RESULTS */;
/*!40101 SET COLLATION_CONNECTION=@OLD_COLLATION_CONNECTION */;
